UserID_1,UserID_2
614,598
614,796
614,600
614,605
614,607
614,1949
614,452
614,146
614,147
614,1625
614,440
614,1512
614,609
614,1246
614,151
614,152
614,1981
614,610
614,611
614,153
614,4365
614,1997
614,423
614,4395
614,2371
156,86
156,2918
156,2670
156,822
156,1548
156,157
156,159
1627,1405
1627,96
1627,1018
1627,1022
1627,786
1627,589
1627,2465
1627,1742
1627,507
1627,2804
1627,155
1627,1031
1627,2469
1627,1032
1627,1033
1627,2470
1627,4389
1627,1034
1627,2471
1627,2290
1627,806
1627,2655
1627,2472
2469,1013
2469,1020
2469,1024
2469,83
2469,1606
2469,2465
2469,4129
2469,452
2469,730
2469,1627
2469,1031
2469,1032
2469,1033
2469,2470
2469,1034
2469,2471
1033,1012
1033,1169
1033,1405
1033,1173
1033,1015
1033,1016
1033,2912
1033,1018
1033,1178
1033,1713
1033,1019
1033,1020
1033,1430
1033,3530
1033,1557
1033,3006
1033,1022
1033,784
1033,1023
1033,1024
1033,3077
1033,2674
1033,3093
1033,1183
1033,393
1033,1361
1033,1028
1033,2732
1033,1606
1033,1264
1033,1030
1033,2465
1033,4468
1033,1266
1033,3047
1033,2804
1033,2468
1033,1627
1033,1031
1033,2469
1033,1032
1033,2470
1033,4389
1033,1034
1033,2471
1033,4283
1033,3525
1033,425
1033,2472
2470,1013
2470,1018
2470,1019
2470,103
2470,2674
2470,1028
2470,1606
2470,1030
2470,2465
2470,799
2470,3047
2470,2468
2470,1627
2470,2469
2470,1032
2470,1033
2470,1034
2470,2471
2470,2472
4389,4369
4389,2179
4389,2180
4389,1018
4389,1019
4389,1719
4389,1022
4389,786
4389,112
4389,2893
4389,589
4389,3093
4389,395
4389,4713
4389,1372
4389,1741
4389,801
4389,506
4389,149
4389,3085
4389,730
4389,4402
4389,2468
4389,1627
4389,1032
4389,1033
4389,2290
4389,554
4389,1784
4389,2472
2471,1013
2471,1442
2471,2674
2471,1307
2471,125
2471,620
2471,601
2471,621
2471,2465
2471,3047
2471,146
2471,610
2471,153
2471,626
2471,1627
2471,2469
2471,1032
2471,1033
2471,2470
2471,1034
2471,548
2471,2472
4366,4342
4366,4591
4366,3747
4366,572
4366,523
4366,449
4366,1796
4366,2307
4366,2926
4366,726
4366,500
4366,1213
4366,81
4366,3488
4366,398
4366,1099
4366,1470
4366,4449
4366,3029
4366,1368
4366,1371
4366,3515
4366,438
4366,1624
4366,2804
4366,2943
4366,805
4366,1807
2290,2269
2290,2077
2290,1592
2290,3451
2290,1713
2290,782
2290,1719
2290,1563
2290,786
2290,112
2290,1910
2290,385
2290,2275
2290,4372
2290,787
2290,2277
2290,586
2290,4373
2290,1445
2290,589
2290,128
2290,2280
2290,4378
2290,1242
2290,190
2290,137
2290,1977
2290,4713
2290,606
2290,2284
2290,1740
2290,1741
2290,1742
2290,801
2290,405
2290,2681
2290,146
2290,608
2290,610
2290,612
2290,4386
2290,3085
2290,1744
2290,4993
2290,413
2290,508
2290,2984
2290,155
2290,4402
2290,2898
2290,2468
2290,1627
2290,4389
2290,805
2290,4283
2290,806
2290,158
2290,1784
805,571
805,775
805,616
805,95
805,101
805,2924
805,578
805,108
805,111
805,4372
805,586
805,1241
805,127
805,789
805,790
805,792
805,432
805,1027
805,4078
805,4449
805,606
805,3815
805,4366
805,2290
4283,4236
4283,1592
4283,387
4283,586
4283,3406
4283,2676
4283,128
4283,396
4283,1123
4283,4719
4283,4449
4283,2465
4283,3515
4283,1736
4283,1372
4283,4164
4283,404
4283,506
4283,4129
4283,608
4283,507
4283,4993
4283,412
4283,2876
4283,414
4283,730
4283,1033
4283,2290
4283,806
4283,4458
4283,1524
4283,3525
4283,4395
4283,2371
4283,1807
4283,810
833,812
833,1240
833,113
833,122
833,1941
833,3688
833,452
833,3711
833,2437
833,1951
2437,2434
2437,2912
2437,1899
2437,689
2437,358
2437,429
2437,2411
2437,129
2437,4297
2437,1452
2437,1944
2437,452
2437,3711
2437,833
806,571
806,2552
806,380
806,2697
806,3826
806,2332
806,597
806,398
806,23
806,1936
806,4159
806,3830
806,2902
806,401
806,1874
806,2904
806,4162
806,1876
806,1948
806,608
806,440
806,1512
806,802
806,547
806,803
806,1513
806,610
806,507
806,1514
806,406
806,407
806,408
806,410
806,2267
806,412
806,2876
806,417
806,1627
806,2290
806,4283
806,1519
806,471
806,2367
806,4395
806,548
806,810
806,2472
4457,4453
4457,116
4457,699
4457,4455
4457,1949
4457,3418
4457,158
4457,160
3418,3410
3418,4031
3418,2749
3418,151
3418,4457
3719,3580
3719,3581
3719,126
3719,2281
3719,2332
3719,2632
3719,3678
3719,2357
3719,3698
3719,3699
3719,3701
3719,3708
3719,3713
3719,2362
3719,3725
3719,2367
1950,1749
1950,1594
1950,1913
1950,1915
1950,3600
1950,3899
1950,3202
1950,1929
1950,398
1950,1936
1950,1949
1950,1527
1516,510
1516,1408
1516,2912
1516,1434
1516,500
1516,1445
1516,3810
1516,1461
1516,994
1516,1495
1516,622
1516,1622
1516,1873
1516,404
1516,1514
1516,1878
1516,419
1516,157
1516,425
4167,375
4167,377
4167,380
4167,1452
4167,398
4167,1936
4167,1860
4167,399
4167,401
4167,1876
4167,4163
4167,1511
4167,404
4167,803
4167,4365
4167,407
4167,508
4167,418
4167,419
4167,4168
4167,4395
4167,1527
419,373
419,740
419,171
419,2074
419,3153
419,4616
419,1128
419,377
419,715
419,3530
419,4789
419,2831
419,380
419,1799
419,1363
419,1603
419,2487
419,399
419,1395
419,401
419,404
419,1512
419,803
419,1513
419,418
419,1516
419,4167
419,159
419,2161
419,1807
157,86
157,4098
157,135
157,3184
157,142
157,1372
157,3362
157,156
157,1516
157,159
157,2161
3388,513
3388,3581
3388,3583
3388,1900
3388,1902
3388,3588
3388,1916
3388,4374
3388,2435
3388,2677
3388,592
3388,3202
3388,3203
3388,3381
3388,2332
3388,3924
3388,3639
3388,3652
3388,3653
3388,3657
3388,3660
3388,3684
3388,1944
3388,1945
3388,3696
3388,3697
3388,1996
3388,1949
3388,4886
3388,3702
3388,3711
3388,3712
3388,3958
3388,3725
3388,1528
2985,2822
2985,1278
2985,2017
2985,2074
2985,4655
2985,1754
2985,2473
2985,3159
2985,870
2985,963
2985,2966
2985,2026
2985,2968
2985,4658
2985,4659
2985,4661
2985,1380
2985,3167
2985,268
2985,1299
2985,879
2985,1720
2985,4663
2985,495
2985,3017
2985,4665
2985,1302
2985,3404
2985,4666
2985,2978
2985,3406
2985,4668
2985,2981
2985,2083
2985,4673
2985,650
2985,3176
2985,1733
2985,2983
2683,2664
2683,2668
2683,2669
2683,2670
2683,2673
2683,2276
2683,1360
2683,2675
2683,4123
2683,1445
2683,4124
2683,2676
2683,3182
2683,792
2683,1449
2683,3184
2683,2679
2683,405
2683,2680
2683,1624
2683,2681
2683,2288
2105,1999
2105,2095
2105,560
2105,639
2105,4621
2105,196
2105,545
2105,2114
2105,4626
2105,565
2105,4627
2105,2116
2105,1589
1677,1659
1677,4814
1677,1660
1677,1661
1677,1664
1677,2528
1677,1666
1677,1668
1677,1669
1677,1670
1677,1674
1677,1675
1677,1678
1677,1679
1677,2717
1677,1682
1677,1683
2087,1409
2087,2072
2087,1175
2087,2075
2087,2079
2087,3820
2087,1718
2087,492
2087,4696
2087,1299
2087,56
2087,1724
2087,1771
2087,1846
2087,1571
2087,359
2087,4706
2087,2083
2087,1732
2087,2047
2087,2086
2087,1874
2087,423
2087,4715
2087,371
1678,1659
1678,3436
1678,2418
1678,3032
1678,1669
1678,843
1678,1324
1678,1671
1678,1677
1678,1679
1678,1682
1678,1683
1824,1808
1824,164
1824,2140
1824,451
1824,1822
558,555
558,556
558,4872
558,224
558,230
2806,237
2806,2759
2806,2760
2806,1789
2806,2816
2806,2592
2806,2809
4458,4453
4458,2179
4458,2180
4458,4981
4458,83
4458,4455
4458,2982
4458,1741
4458,1512
4458,802
4458,507
4458,409
4458,410
4458,2267
4458,2944
4458,4283
4458,3186
4458,810
3186,2270
3186,83
3186,2939
3186,1266
3186,402
3186,2982
3186,2876
3186,2466
3186,4130
3186,2945
3186,4458
849,445
849,559
849,1698
849,2117
849,2297
849,2129
849,2405
849,3277
849,1135
849,1425
849,9
849,178
849,3587
849,2306
849,2315
849,2412
849,451
849,2332
849,2415
849,697
849,2417
849,1853
849,4201
849,23
849,1463
849,4099
849,3260
849,3261
849,3144
849,1537
849,2423
849,2340
849,3936
849,4262
849,2342
849,2576
849,1103
849,703
849,1614
849,4001
849,844
849,1393
849,1048
849,2208
849,2714
849,46
849,1700
849,3837
849,1956
849,2560
849,1107
849,2103
849,1656
849,3757
849,47
849,845
849,1874
849,846
849,4147
849,2431
849,1822
849,4884
849,1509
849,1996
849,2432
849,3096
849,2805
849,1143
849,807
849,471
849,2217
849,369
849,1745
849,2364
849,4714
849,2717
849,1521
849,1826
849,3958
849,423
849,4169
849,2369
849,2562
849,3150
849,554
849,1528
849,2372
849,4545
3048,477
3048,2867
3048,205
4441,4422
4441,4431
4441,4077
4441,4437
4441,1620
4441,4439
4441,554
4441,4442
2807,237
2807,4956
2807,3806
2807,2074
2807,4905
2807,3131
2807,1413
2807,2138
2807,3160
2807,642
2807,1085
2807,4729
2807,493
2807,1567
2807,1181
2807,1912
2807,4140
2807,4981
2807,1811
2807,3985
2807,3986
2807,451
2807,2332
2807,3739
2807,1390
2807,2555
2807,3035
2807,4384
2807,1733
2807,1939
2807,2208
2807,2357
2807,2805
2807,1143
2807,471
2807,4169
2807,1524
2807,2367
4226,814
4226,1095
4226,1620
4226,1629
2536,2521
2536,2530
2536,2534
2536,2540
1951,1749
1951,133
1951,3627
1951,4382
1951,1934
1951,822
1951,3674
1951,825
1951,1941
1951,827
1951,830
1951,831
1951,1948
1951,3712
1951,553
1951,833
3794,3790
3794,1288
3794,3236
3794,3293
3794,2065
3794,2068
3794,2069
3794,1107
1825,1808
1825,3276
1825,1393
1825,1700
1825,4225
1825,1822
708,61
708,2224
708,738
708,662
708,2225
708,4637
708,742
708,684
708,685
708,2226
708,4638
708,4639
708,2228
708,2229
708,4657
708,4642
708,692
708,4643
708,1729
708,2230
708,4644
708,2231
708,707
708,1883
4227,814
4227,687
4227,314
4227,2545
4227,2546
4227,1078
4227,627
4227,2547
4227,2548
4227,27
4227,2550
1517,510
1517,1404
1517,1406
1517,1419
1517,172
1517,500
1517,1443
1517,4141
1517,4741
1517,1444
1517,1450
1517,1535
1517,1456
1517,299
1517,1457
1517,1537
1517,1469
1517,4758
1517,1470
1517,1475
1517,1479
1517,1485
1517,1488
1517,1490
1517,1491
1517,2799
1517,1495
1517,1506
1517,1508
1517,4887
1517,471
1517,1520
1517,1521
1517,1523
1517,1530
3849,3840
3849,3610
3849,1938
3849,3727
3849,3733
1400,210
1400,211
1400,212
1400,1378
1400,107
1400,1379
1400,55
1400,1382
1400,1607
1400,1391
1400,1397
1400,1619
1400,1402
1400,4715
1704,1698
1704,1702
1963,164
1963,2095
1963,9
1963,1137
1963,196
1963,4626
1963,1956
1963,1957
1963,1959
1963,546
159,86
159,135
159,3184
159,142
159,1372
159,156
159,419
159,157
350,303
350,1686
350,286
350,1208
350,3875
350,2196
350,1909
350,2318
350,3414
350,3904
350,320
350,71
350,2331
350,2201
350,4334
350,3811
350,2343
350,4914
350,2372
2909,2636
2909,2905
2909,2882
2909,1074
2909,3192
2909,1075
2909,13
2909,2949
2909,2855
2909,3197
2909,4702
2909,3205
2909,3206
2909,1076
2909,2951
2909,3220
2909,45
2909,3221
2909,3224
2909,2952
2909,3229
2909,3232
3345,3333
3345,3334
3345,531
3345,1300
3345,2977
3345,3338
3345,3642
3345,3339
3345,4945
3345,2791
3345,3340
3345,1106
3345,3343
3345,343
3345,3344
3345,3346
3345,3348
3345,3349
677,657
677,658
677,659
677,1125
677,661
677,662
677,242
677,243
677,4903
677,666
677,668
677,669
677,670
677,741
677,1128
677,671
677,261
677,1129
677,673
677,1130
677,23
677,744
677,3772
677,747
2537,2521
2537,2859
1879,1408
1879,881
1879,4220
1879,3440
1879,1864
218,208
218,215
218,2184
218,3294
1628,1405
1628,3261
1628,1620
1354,1036
1354,1037
1354,240
1354,1349
1354,3780
1354,1150
1354,1039
1354,1040
1354,1042
1354,1044
1354,1352
1354,1159
1354,2841
2808,237
2808,264
2389,2071
2389,3151
2389,523
2389,1899
2389,575
2389,2918
2389,3480
2389,150
2389,547
2389,553
2389,2467
709,61
709,678
709,3121
709,682
709,695
709,3782
709,2868
709,701
709,1524
202,161
202,197
3953,3842
3953,3900
2361,738
2361,2297
2361,3974
2361,2302
2361,3880
2361,2316
2361,3595
2361,4293
2361,3968
2361,2338
2361,2208
2361,2348
2361,4005
2361,2358
203,161
203,4522
203,4963
203,2515
203,2685
203,357
203,182
203,4404
203,2064
203,199
1880,1408
1880,1829
1880,1845
1880,1857
1880,1859
1880,4805
1880,1816
1880,2533
1880,1861
1880,1867
1880,1823
1880,554
1518,510
1518,1404
1518,1405
1518,1419
1518,1434
1518,1532
1518,1437
1518,42
1518,1305
1518,500
1518,1534
1518,1454
1518,1456
1518,1457
1518,1604
1518,1606
1518,1029
1518,1459
1518,1461
1518,1462
1518,1464
1518,1465
1518,1469
1518,1470
1518,1472
1518,1475
1518,1476
1518,1477
1518,1611
1518,1479
1518,1816
1518,1612
1518,1613
1518,1488
1518,1543
1518,1490
1518,1491
1518,1494
1518,1495
1518,1546
1518,1499
1518,1502
1518,1504
1518,1505
1518,1506
1518,607
1518,4363
1518,1548
1518,3522
1518,1878
1518,2107
1518,1520
1518,1521
1518,2738
1518,1522
1518,1523
1518,1525
1518,1550
1518,425
1518,1529
4887,1640
4887,2552
4887,3290
4887,3824
4887,3827
4887,4221
4887,1535
4887,2555
4887,4876
4887,2576
4887,4879
4887,4885
4887,1517
4887,4888
4887,4889
4887,2717
4887,4890
4887,554
1143,446
1143,3842
1143,4836
1143,4565
1143,2301
1143,3188
1143,1791
1143,1900
1143,2305
1143,2191
1143,1902
1143,1903
1143,3878
1143,1908
1143,2314
1143,3595
1143,4293
1143,1193
1143,2322
1143,1916
1143,3893
1143,4374
1143,2784
1143,2323
1143,21
1143,3986
1143,3910
1143,3615
1143,3912
1143,433
1143,3579
1143,3629
1143,2328
1143,3922
1143,451
1143,2331
1143,2332
1143,3382
1143,2334
1143,2607
1143,2336
1143,3649
1143,2555
1143,1935
1143,3936
1143,3666
1143,1103
1143,2345
1143,2208
1143,2349
1143,3678
1143,1106
1143,3679
1143,2210
1143,2560
1143,4316
1143,1656
1143,2357
1143,1944
1143,1945
1143,4954
1143,3697
1143,1142
1143,3712
1143,849
1143,2807
1143,2362
1143,471
1143,1145
1143,3958
1143,4322
1143,423
1143,1528
1143,2372
1143,207
4460,4445
4460,2698
4460,4618
1783,1407
1783,3153
1783,799
1783,1947
1783,1948
1783,1781
1783,1782
351,303
351,979
351,884
351,4797
351,3574
351,3406
351,2979
351,4072
807,445
807,632
807,571
807,1051
807,1132
807,165
807,1234
807,168
807,4675
807,2402
807,3397
807,2551
807,750
807,3131
807,1413
807,4653
807,636
807,1188
807,639
807,2406
807,9
807,178
807,1281
807,4057
807,1900
807,358
807,309
807,41
807,4429
807,2063
807,3168
807,2315
807,4404
807,1438
807,2410
807,4140
807,2412
807,2323
807,4157
807,3986
807,359
807,451
807,2416
807,23
807,3062
807,192
807,1463
807,2447
807,4921
807,2450
807,1729
807,1481
807,2065
807,1483
807,2208
807,3308
807,2429
807,1493
807,1656
807,47
807,4146
807,1874
807,469
807,3127
807,1509
807,1739
807,1996
807,3096
807,967
807,2805
807,849
807,471
807,423
807,2562
807,3150
807,1528
807,371
807,207
1519,510
1519,376
1519,1424
1519,4974
1519,1561
1519,2036
1519,4120
1519,3890
1519,3826
1519,1446
1519,4706
1519,360
1519,3576
1519,2450
1519,3830
1519,1238
1519,806
2106,1999
2362,738
2362,4956
2362,478
2362,1983
2362,4836
2362,4565
2362,3843
2362,3866
2362,2271
2362,9
2362,4786
2362,1899
2362,449
2362,4908
2362,1085
2362,1900
2362,2306
2362,2307
2362,3870
2362,524
2362,2063
2362,3873
2362,1903
2362,3875
2362,2312
2362,3537
2362,1906
2362,3588
2362,3878
2362,1907
2362,2313
2362,3883
2362,2314
2362,1912
2362,3591
2362,2319
2362,1212
2362,2321
2362,1440
2362,4293
2362,4855
2362,788
2362,1915
2362,4295
2362,1918
2362,4701
2362,3414
2362,1920
2362,3599
2362,129
2362,316
2362,2323
2362,317
2362,3604
2362,2435
2362,3986
2362,3903
2362,3905
2362,2677
2362,592
2362,3300
2362,1046
2362,1928
2362,543
2362,3624
2362,3989
2362,3579
2362,3921
2362,3629
2362,3922
2362,2332
2362,2334
2362,3635
2362,3928
2362,3639
2362,3640
2362,3929
2362,1935
2362,2791
2362,3997
2362,280
2362,4758
2362,2341
2362,4949
2362,3666
2362,2546
2362,1103
2362,2749
2362,4950
2362,3943
2362,2208
2362,3945
2362,4224
2362,3680
2362,2609
2362,1734
2362,2357
2362,3691
2362,1944
2362,4146
2362,1945
2362,4953
2362,469
2362,3695
2362,4339
2362,3696
2362,1946
2362,3697
2362,1996
2362,1947
2362,3702
2362,3703
2362,2805
2362,1377
2362,3714
2362,3715
2362,3517
2362,3719
2362,1143
2362,4714
2362,3724
2362,2369
2362,3736
2362,1528
2362,3737
2362,207
4888,1640
4888,4349
4888,4879
4888,4885
4888,4887
4888,4889
471,453
471,2117
471,3463
471,374
471,2990
471,4423
471,4592
471,1201
471,243
471,1983
471,4829
471,4576
471,1151
471,4679
471,1830
471,4836
471,1225
471,1413
471,2512
471,292
471,4936
471,4963
471,4598
471,3466
471,4680
471,1966
471,2993
471,1984
471,4635
471,4370
471,4617
471,1750
471,2131
471,2132
471,636
471,2076
471,2300
471,174
471,639
471,640
471,9
471,99
471,4691
471,960
471,673
471,100
471,519
471,1428
471,1791
471,2146
471,2552
471,1021
471,4787
471,4974
471,1715
471,3421
471,1431
471,4693
471,3820
471,1759
471,4584
471,4794
471,4941
471,40
471,380
471,358
471,1651
471,36
471,527
471,1378
471,528
471,3075
471,3470
471,2498
471,1993
471,1969
471,1597
471,877
471,2310
471,1904
471,1209
471,2771
471,1567
471,879
471,56
471,1663
471,1532
471,1181
471,2273
471,117
471,15
471,3854
471,2317
471,1304
471,534
471,1994
471,1846
471,3822
471,2929
471,4352
471,2930
471,69
471,3140
471,4140
471,2264
471,4292
471,2321
471,1387
471,1914
471,4032
471,4178
471,4353
471,4141
471,4741
471,3251
471,1444
471,2836
471,2857
471,4180
471,1916
471,126
471,1445
471,4537
471,2040
471,1446
471,4355
471,4259
471,1847
471,1216
471,539
471,1242
471,541
471,296
471,4605
471,3620
471,3255
471,3256
471,222
471,4705
471,1535
471,451
471,1309
471,3258
471,3141
471,2414
471,3633
471,2332
471,397
471,2334
471,3810
471,1849
471,4357
471,1456
471,4706
471,697
471,837
471,2336
471,795
471,3023
471,1728
471,224
471,1854
471,23
471,2420
471,650
471,3143
471,3062
471,1462
471,1666
471,3829
471,362
471,1463
471,226
471,1780
471,2555
471,1580
471,2791
471,2448
471,1314
471,4989
471,1466
471,4921
471,4710
471,227
471,4876
471,1469
471,4758
471,2450
471,1729
471,2602
471,3753
471,1481
471,1613
471,1614
471,933
471,2046
471,3094
471,1862
471,3037
471,1221
471,1940
471,2208
471,1488
471,1543
471,2577
471,1943
471,3970
471,1493
471,1494
471,1396
471,2103
471,1495
471,401
471,2678
471,1978
471,2266
471,2506
471,1501
471,2359
471,1945
471,2430
471,1874
471,469
471,1112
471,4162
471,1582
471,4807
471,3516
471,4884
471,1337
471,3857
471,1877
471,4846
471,1739
471,1996
471,2432
471,2579
471,404
471,1267
471,2943
471,2805
471,155
471,3519
471,806
471,849
471,2807
471,1517
471,1143
471,807
471,1745
471,4714
471,1521
471,1401
471,3049
471,3958
471,423
471,1524
471,1632
471,2463
471,2368
471,2161
471,85
471,2562
471,1682
471,1886
471,472
471,1527
471,1528
471,2492
471,371
471,1552
471,207
2655,2645
2655,4255
2655,2662
2655,3079
2655,507
2655,1627
2438,2434
1805,1785
1805,3469
1805,1794
1805,1267
1144,446
1144,3816
1144,2726
1144,552
1144,3574
1144,46
1144,2432
4810,4085
4810,3532
4810,4789
4810,1794
4810,263
4810,4975
4810,2623
4810,2621
4810,4806
2363,738
2363,2297
2363,2299
2363,2302
2363,309
2363,1435
2363,1208
2363,2311
2363,2330
2363,320
2363,71
2363,2333
2363,2335
2363,3651
2363,4914
2363,2347
2363,2354
2363,2368
3954,3842
3954,3868
3954,3869
3954,3871
3954,3872
3954,2309
3954,3873
3954,3874
3954,2193
3954,3879
3954,3880
3954,2314
3954,3595
3954,4293
3954,3414
3954,3897
3954,4297
3954,3910
3954,3912
3954,3918
3954,3920
3954,3922
3954,3924
3954,3925
3954,3926
3954,3927
3954,3929
3954,3930
3954,3933
3954,3934
3954,3938
3954,3940
3954,3942
3954,2608
3954,3944
3954,3946
3954,3949
3954,3950
3954,3956
3954,3957
3954,3959
3954,3961
770,758
770,362
770,335
770,336
2809,237
2809,2814
2809,286
2809,2759
2809,2760
2809,257
2809,1789
2809,2189
2809,2773
2809,2194
2809,2706
2809,451
2809,2201
2809,1849
2809,1124
2809,2529
2809,2816
2809,1729
2809,1327
2809,2714
2809,705
2809,2818
2809,1874
2809,2806
2809,2592
2809,2218
2809,4231
1145,446
1145,640
1145,2306
1145,451
1145,3837
1145,1944
1145,1142
1145,1143
2217,1686
2217,836
2217,3820
2217,1836
2217,1846
2217,4839
2217,359
2217,451
2217,1853
2217,1463
2217,3025
2217,1466
2217,280
2217,4876
2217,1729
2217,1476
2217,1078
2217,1863
2217,2714
2217,3083
2217,2560
2217,1943
2217,2103
2217,1979
2217,1874
2217,4884
2217,1337
2217,1739
2217,1996
2217,368
2217,849
2217,1745
2217,2364
2217,1521
2217,423
2217,1632
2217,2161
2217,1886
2217,1527
2217,1528
2217,2372
2217,1530
2217,997
2217,371
2217,4545
3720,3580
3720,2281
3720,3620
3720,3629
3720,3639
3720,3646
3720,3653
3720,3654
3720,3657
3720,3659
3720,3660
3720,3663
3720,3664
3720,3673
3720,3677
3720,3678
3720,3682
3720,3684
3720,3687
3720,3689
3720,3691
3720,3698
3720,3952
3720,3718
3720,3721
3720,3737
1679,1659
1679,1660
1679,1661
1679,2695
1679,1664
1679,3433
1679,1778
1679,1666
1679,1668
1679,1669
1679,1670
1679,1671
1679,1674
1679,1675
1679,4846
1679,1677
1679,1678
1679,1680
1679,1681
1679,1682
1679,554
1679,1683
1679,1684
3230,2882
3230,2950
3230,3216
3230,2887
3230,3228
3230,3045
4889,1640
4889,4879
4889,4885
4889,4887
4889,4888
2910,2636
2910,2911
3955,3842
302,162
302,164
302,238
302,2072
302,292
302,4690
302,309
302,534
302,536
302,1533
302,3574
302,3253
302,1195
302,296
302,298
302,24
302,4879
302,2455
302,1496
302,3765
302,1503
302,3758
302,1827
302,2562
302,4480
2603,2601
1881,1408
1881,3115
1881,1156
1881,639
1881,1844
1881,1438
1881,1845
1881,1160
1881,1856
1881,1161
1881,1858
1881,3117
1881,1163
1881,3118
1881,1861
1881,1165
1881,1866
1881,1166
1881,1167
1881,2005
1881,1882
1881,1883
1881,2006
4131,374
4131,1260
4131,377
4131,489
4131,4119
4131,383
4131,1262
4131,2932
4131,3969
4131,1263
4131,394
4131,1264
4131,2939
4131,1266
4131,402
4131,407
4131,408
4131,1267
4131,1268
4131,2943
4131,2944
4131,4130
4131,2945
421,373
421,481
421,2026
421,2967
421,493
421,2035
421,388
421,2040
421,1314
421,1997
3721,3580
3721,102
3721,3178
3721,3591
3721,3593
3721,3599
3721,3600
3721,3602
3721,3603
3721,4378
3721,3605
3721,3610
3721,2677
3721,2281
3721,3612
3721,3614
3721,3619
3721,3622
3721,3626
3721,3629
3721,3637
3721,596
3721,3640
3721,3642
3721,3647
3721,3649
3721,3651
3721,3652
3721,3663
3721,3687
3721,3694
3721,3696
3721,437
3721,3701
3721,3706
3721,3707
3721,3708
3721,3709
3721,416
3721,3714
3721,3720
3721,3725
3721,3728
3721,3729
3721,3730
943,858
943,860
943,260
943,866
943,213
943,890
943,892
943,214
943,905
943,932
943,946
2107,1999
2107,1518
4848,4675
4848,4840
4848,4684
4848,4843
4168,375
4168,377
4168,380
4168,4153
4168,4741
4168,588
4168,398
4168,4159
4168,399
4168,3812
4168,606
4168,2357
4168,2285
4168,4163
4168,404
4168,803
4168,1267
4168,4167
4168,2161
369,356
369,1053
369,2714
369,47
369,4340
369,2432
369,849
369,423
369,2847
369,370
369,3348
369,4545
2461,1234
2461,4870
2461,2553
2461,4141
2461,4710
2461,4336
2461,2455
2461,3754
2461,2799
1049,1035
1049,1146
1049,1036
1049,1147
1049,3289
1049,1037
1049,240
1049,3780
1049,1148
1049,3131
1049,1039
1049,1040
1049,1350
1049,1041
1049,1152
1049,1153
1049,1154
1049,1042
1049,1351
1049,3781
1049,1155
1049,1043
1049,1159
1049,1353
1049,745
1049,1164
1049,4231
1049,4234
4047,169
4047,179
4047,188
4047,4046
4047,204
1745,1590
1745,738
1745,95
1745,2235
1745,428
1745,3976
1745,3820
1745,642
1745,1900
1745,1836
1745,1651
1745,1901
1745,1904
1745,1766
1745,4140
1745,4293
1745,4839
1745,2856
1745,2857
1745,1242
1745,3620
1745,451
1745,2099
1745,1728
1745,1853
1745,1854
1745,23
1745,3062
1745,1580
1745,3144
1745,1466
1745,4876
1745,1729
1745,3028
1745,4899
1745,1476
1745,3094
1745,2236
1745,1863
1745,2714
1745,1943
1745,2103
1745,1734
1745,1979
1745,2430
1745,1874
1745,3553
1745,4884
1745,1337
1745,3698
1745,1996
1745,2432
1745,849
1745,471
1745,2217
1745,2364
1745,1521
1745,423
1745,1524
1745,1632
1745,85
1745,1527
1745,1528
1745,2372
2005,1829
2005,3115
2005,4938
2005,1156
2005,639
2005,1844
2005,1438
2005,320
2005,1160
2005,1856
2005,1161
2005,1858
2005,3117
2005,1163
2005,3118
2005,3119
2005,1165
2005,1866
2005,1166
2005,1167
2005,1881
2005,1882
2005,1883
2005,2006
2005,1168
3149,3128
3149,3131
3149,3143
3149,3147
3149,4145
3149,1502
3149,554
27,1
27,445
27,813
27,1635
27,1637
27,477
27,814
27,244
27,1642
27,4865
27,2135
27,5
27,2139
27,639
27,686
27,687
27,1646
27,1650
27,15
27,22
27,3019
27,1095
27,4912
27,2545
27,2866
27,840
27,821
27,4222
27,1654
27,335
27,842
27,2113
27,1078
27,336
27,26
27,627
27,4227
27,2549
27,2550
57,54
57,4788
57,642
57,4896
57,2805
3722,3580
1629,1405
1629,1087
1629,1096
1629,3293
1629,1612
1629,1104
1629,1620
1629,1336
1629,4226
1629,2173
1520,510
1520,1420
1520,1290
1520,308
1520,1532
1520,1437
1520,500
1520,539
1520,1535
1520,1454
1520,1456
1520,1457
1520,1606
1520,1029
1520,326
1520,1459
1520,1461
1520,1465
1520,1469
1520,1729
1520,1472
1520,1475
1520,1476
1520,1611
1520,1480
1520,1816
1520,1612
1520,1326
1520,2060
1520,1488
1520,1543
1520,1493
1520,1494
1520,1495
1520,1546
1520,1498
1520,1499
1520,1501
1520,1502
1520,1506
1520,1079
1520,1996
1520,4365
1520,1514
1520,3522
1520,1517
1520,1518
1520,1521
1520,1522
1520,1632
1520,2061
1520,85
1520,1550
1520,1529
1520,1552
2364,738
2364,4836
2364,9
2364,2301
2364,3365
2364,2305
2364,2306
2364,1208
2364,2314
2364,2315
2364,4140
2364,2321
2364,4293
2364,788
2364,3291
2364,3768
2364,3904
2364,3921
2364,2606
2364,451
2364,320
2364,2331
2364,2332
2364,2333
2364,2335
2364,2336
2364,23
2364,1463
2364,1466
2364,3936
2364,1729
2364,1476
2364,2342
2364,1103
2364,2345
2364,2347
2364,2208
2364,2349
2364,2714
2364,1700
2364,2560
2364,2103
2364,1656
2364,2357
2364,2359
2364,1945
2364,1874
2364,469
2364,1996
2364,849
2364,2217
2364,1745
2364,1521
2364,2847
2364,472
2364,2372
4571,678
2986,2822
2986,4834
2986,3132
2986,4206
2986,4807
4010,3972
4010,3993
2953,2905
2953,1892
2490,2485
3723,3580
3723,3591
3723,3599
3723,3604
3723,2281
3723,3613
3723,3618
3723,3629
3723,437
2987,2822
2987,2966
2987,2978
2987,2981
2987,2982
442,87
442,3157
442,111
442,430
442,117
442,580
442,119
442,121
442,4700
442,589
442,129
442,1449
442,131
442,132
442,133
442,436
442,602
442,4191
442,4630
442,438
442,151
442,803
442,160
442,2472
2218,1686
2218,1688
2218,1689
2218,1149
2218,2188
2218,1692
2218,1693
2218,2189
2218,3535
2218,1694
2218,2163
2218,4981
2218,2152
2218,2201
2218,4229
2218,4991
2218,2809
710,61
710,3937
710,1528
4714,2072
4714,4679
4714,2075
4714,4787
4714,4974
4714,1293
4714,575
4714,2967
4714,287
4714,2311
4714,1181
4714,1136
4714,3249
4714,2589
4714,388
4714,2322
4714,1726
4714,433
4714,2606
4714,359
4714,3576
4714,23
4714,1463
4714,2555
4714,1466
4714,3185
4714,280
4714,4921
4714,1729
4714,3753
4714,2872
4714,1732
4714,2794
4714,1197
4714,2714
4714,1492
4714,1874
4714,469
4714,1996
4714,849
4714,2362
4714,471
4714,2717
4714,2738
4714,423
4714,1524
4714,85
4714,472
4714,554
4714,2492
4714,207
4929,4811
4929,4924
4929,4925
4929,4926
4929,4928
4084,4076
4084,2948
4084,430
4084,4077
4084,431
4084,128
4084,4435
4084,4078
4084,2083
4084,4079
4084,4081
4084,2530
4084,4082
4084,2952
4084,1369
4084,2534
4084,1501
4084,2538
4084,2539
808,571
808,2442
808,95
808,578
808,69
808,1331
808,798
352,303
352,311
352,312
352,323
352,736
352,354
1882,1408
1882,3115
1882,1156
1882,639
1882,1844
1882,1438
1882,1845
1882,320
1882,1160
1882,1856
1882,1161
1882,1858
1882,3117
1882,1163
1882,3118
1882,1861
1882,3119
1882,1165
1882,1866
1882,1166
1882,1870
1882,1167
1882,1881
1882,2005
1882,1883
1882,2006
1882,1168
809,571
809,90
809,92
809,2441
809,94
809,773
809,2513
809,774
809,1189
809,95
809,778
809,574
809,517
809,428
809,105
809,577
809,1209
809,578
809,108
809,786
809,111
809,114
809,115
809,123
809,583
809,1241
809,3596
809,788
809,128
809,432
809,543
3957,3842
3957,3868
3957,4289
3957,3877
3957,3879
3957,3880
3957,3881
3957,3884
3957,3887
3957,3888
3957,4293
3957,3414
3957,3897
3957,3900
3957,3910
3957,2324
3957,3912
3957,3918
3957,3920
3957,3922
3957,3923
3957,3924
3957,3925
3957,3926
3957,3929
3957,3933
3957,3938
3957,3941
3957,3942
3957,3944
3957,3950
3957,3954
3957,3956
3957,3962
3957,1528
3346,3333
3346,3334
3346,2791
3346,3340
3346,3341
3346,3343
3346,3345
3346,3348
3346,3349
4367,4342
4367,3538
1883,1408
1883,1156
1883,639
1883,1844
1883,1438
1883,1845
1883,320
1883,1160
1883,1856
1883,1161
1883,1858
1883,1163
1883,3118
1883,1861
1883,3119
1883,1165
1883,1866
1883,1166
1883,1869
1883,1167
1883,708
1883,1881
1883,2005
1883,1882
1883,1168
1061,969
1061,3800
1061,986
3724,3580
3724,4565
3724,1899
3724,1900
3724,3371
3724,3874
3724,3876
3724,785
3724,429
3724,3178
3724,14
3724,119
3724,122
3724,3596
3724,126
3724,432
3724,592
3724,3630
3724,190
3724,3633
3724,3635
3724,3637
3724,3658
3724,3943
3724,3695
3724,3703
3724,3704
3724,2362
3724,3736
2656,2645
2656,2648
2656,2651
2656,2064
2656,2652
2656,1610
2656,2653
2656,2657
422,373
422,385
422,4454
1630,1405
1630,4139
1630,1437
1630,4035
1630,1454
1630,1604
1630,3930
1630,1609
1630,1619
1630,1499
1630,2625
1630,1501
1630,1626
1630,1068
1630,1633
1630,2091
2543,2541
2543,2542
2543,2230
4228,814
4228,336
4228,2291
4228,566
2268,2120
2268,2251
2268,2252
2268,2512
2268,2134
2268,2136
2268,2138
2268,639
2268,2141
2268,2145
2268,2483
2268,3105
2268,2151
2268,2152
2268,2158
2268,3113
4064,4060
4064,2099
4064,4061
4064,4065
4064,4066
2365,738
2365,2297
2365,2188
2365,65
2365,2302
2365,4791
2365,309
2365,1435
2365,2308
2365,979
2365,2310
2365,2311
2365,1120
2365,897
2365,2316
2365,1210
2365,2111
2365,388
2365,1919
2365,4668
2365,3968
2365,2791
2365,3176
2365,2348
2365,2358
2365,2805
2717,3784
2717,74
2717,4423
2717,4866
2717,2689
2717,2075
2717,4655
2717,3133
2717,2964
2717,2020
2717,864
2717,2079
2717,1293
2717,4919
2717,2524
2717,1563
2717,877
2717,4820
2717,2690
2717,3429
2717,3017
2717,1136
2717,2627
2717,4978
2717,1771
2717,4603
2717,2264
2717,1440
2717,1664
2717,82
2717,4981
2717,1600
2717,2935
2717,923
2717,3020
2717,650
2717,1666
2717,3146
2717,3544
2717,1669
2717,3443
2717,1872
2717,3554
2717,1677
2717,849
2717,4887
2717,4714
2717,1682
2717,207
2049,2014
2049,2017
1697,1685
4994,4649
4994,4499
4994,1242
4994,1524
4994,2161
1340,1284
1340,714
1340,1302
1340,1303
1340,2858
1340,3021
1340,2862
1340,1458
1340,3062
1340,2708
1340,2868
1340,3035
1340,1327
1340,3095
1340,3042
1340,3096
1340,1341
1340,3087
1340,2367
1340,2617
1340,2880
2491,2485
2491,4377
2491,1452
2491,398
2491,4914
2491,1482
2491,1337
2491,1060
2491,1512
2491,4365
2491,1527
2491,810
2491,2492
3766,3760
3766,40
3766,923
3766,1602
3766,4114
3766,3837
3766,1739
3766,1631
3766,3767
1521,510
1521,1404
1521,242
1521,3131
1521,682
1521,2811
1521,836
1521,1417
1521,1585
1521,2187
1521,1419
1521,1135
1521,1968
1521,1444
1521,127
1521,1847
1521,359
1521,1535
1521,1454
1521,4357
1521,1456
1521,360
1521,1457
1521,1029
1521,1853
1521,1462
1521,362
1521,1463
1521,3260
1521,1464
1521,2791
1521,1466
1521,4921
1521,4710
1521,1469
1521,1476
1521,1816
1521,1481
1521,4114
1521,1615
1521,1863
1521,1053
1521,1486
1521,824
1521,2208
1521,1488
1521,1543
1521,1943
1521,3970
1521,1493
1521,2103
1521,2171
1521,1546
1521,1978
1521,1501
1521,2396
1521,1111
1521,1874
1521,4883
1521,4884
1521,1337
1521,607
1521,1508
1521,1509
1521,1739
1521,1996
1521,1510
1521,2805
1521,849
1521,1517
1521,1518
1521,471
1521,2217
1521,1745
1521,1520
1521,2364
1521,2738
1521,423
1521,4169
1521,4116
1521,1632
1521,2061
1521,2367
1521,1525
1521,85
1521,1551
1521,371
1521,1552
1521,207
1401,210
1401,1391
1401,1396
1401,471
3523,3463
3523,3279
3523,1506
3523,3522
3523,1781
1826,1808
1826,3276
1826,451
1826,762
1826,1814
1826,2576
1826,1103
1826,1393
1826,3754
1826,1817
1826,1700
1826,3838
1826,768
1826,26
1826,2359
1826,846
1826,849
1826,2562
2292,1687
2292,1688
2292,2200
2292,1469
2292,554
4011,3972
4011,3976
4011,3989
4011,4914
4011,4007
4011,4012
4995,4649
2549,1637
2549,687
2549,1650
2549,2866
2549,27
2549,2550
2738,2731
2738,451
2738,1778
2738,1456
2738,1463
2738,1464
2738,1472
2738,3832
2738,1614
2738,1197
2738,2734
2738,1488
2738,2560
2738,2737
2738,3313
2738,1518
2738,4714
2738,1521
2738,1524
2738,2617
2738,85
2738,554
2738,4545
2738,207
2753,2722
2753,2740
2753,2741
2753,2742
2753,3490
2753,4748
2753,1046
2753,2745
2753,2746
2753,2341
2753,2750
2088,1409
2088,2085
3049,477
3049,3132
3049,1753
3049,492
3049,2923
3049,4738
3049,727
3049,4378
3049,925
3049,1463
3049,3041
3049,4807
3049,346
3049,3047
3049,505
3049,507
3049,471
3049,554
3049,1528
656,631
656,170
656,171
656,2095
656,2074
656,4211
656,560
656,572
656,1189
656,2138
656,639
656,1967
656,9
656,178
656,3279
656,2109
656,1275
656,783
656,529
656,4621
656,1849
656,4622
656,4623
656,196
656,4629
656,2116
656,1781
656,2178
656,2367
3555,3526
3555,4945
3555,3543
3555,4004
1341,1284
1341,1286
1341,76
1341,256
1341,1292
1341,1306
1341,2856
1341,1307
1341,2858
1341,2860
1341,3021
1341,1312
1341,2708
1341,2590
1341,4921
1341,1729
1341,2869
1341,2102
1341,2872
1341,1326
1341,1327
1341,3294
1341,1331
1341,1335
1341,1340
1341,2367
1341,1342
1341,1344
3395,3389
3395,4649
3395,4962
3395,4653
3395,3390
3395,4981
3395,4988
3395,280
3395,3787
3395,4991
3395,2714
3395,2535
2089,1409
4544,2990
4544,4496
4544,4530
4544,4531
4544,4536
4544,4541
4544,4542
4849,4675
4849,2762
4849,2780
4849,2707
4849,2789
4849,3787
4849,3863
4849,4844
4849,4847
4849,3789
4849,2718
3958,3842
3958,4836
3958,4598
3958,2513
3958,2075
3958,1592
3958,1900
3958,1902
3958,3375
3958,18
3958,1308
3958,2332
3958,4914
3958,2353
3958,1945
3958,3388
3958,849
3958,1143
3958,471
3958,1524
3958,1528
4769,4646
4769,4679
4769,4211
4769,460
4769,2147
4769,4733
4769,4764
1522,510
1522,1404
1522,1080
1522,1419
1522,1420
1522,1434
1522,1532
1522,1437
1522,500
1522,1444
1522,1454
1522,4357
1522,1456
1522,1457
1522,1604
1522,1029
1522,1459
1522,1461
1522,1462
1522,1464
1522,651
1522,1468
1522,1469
1522,1470
1522,1471
1522,1472
1522,1475
1522,1476
1522,1477
1522,1610
1522,1611
1522,1479
1522,1612
1522,1613
1522,1484
1522,2245
1522,1488
1522,1543
1522,1544
1522,1491
1522,1545
1522,1494
1522,1495
1522,1546
1522,1499
1522,1501
1522,1502
1522,1504
1522,1506
1522,1507
1522,1548
1522,1878
1522,1518
1522,1520
1522,1523
1522,1549
1522,1525
1522,1526
1522,85
1522,1550
1522,206
1827,1808
1827,309
1827,762
1827,1814
1827,4223
1827,768
1827,26
1827,302
1523,510
1523,1417
1523,1431
1523,1532
1523,1437
1523,1454
1523,1456
1523,1457
1523,1459
1523,1462
1523,1464
1523,1469
1523,1471
1523,1472
1523,1475
1523,1476
1523,1477
1523,1611
1523,1479
1523,1816
1523,1612
1523,1613
1523,1486
1523,2245
1523,1488
1523,1543
1523,1491
1523,1618
1523,1494
1523,1495
1523,1546
1523,1499
1523,1979
1523,1501
1523,2715
1523,1502
1523,1504
1523,1506
1523,1507
1523,1517
1523,1518
1523,1522
1523,1549
1523,1525
1523,1526
1523,206
1523,1529
2006,1829
2006,3115
2006,1156
2006,639
2006,1844
2006,1438
2006,320
2006,1160
2006,1856
2006,1161
2006,1858
2006,3117
2006,3118
2006,1861
2006,3119
2006,1165
2006,1866
2006,1166
2006,1870
2006,1167
2006,1881
2006,2005
2006,1882
2006,1168
2366,738
2366,1252
2366,3921
2366,2334
2366,2342
2366,2345
2366,2346
2366,2208
2366,2353
2366,2592
4321,4287
4321,4327
4321,4291
4321,4293
4321,2412
4321,4296
4321,3921
4321,4304
4321,2607
4321,4308
4321,4309
4321,4311
4321,4313
4321,4314
4321,4315
4321,4316
4321,4338
4321,4318
4321,4322
4321,4323
4321,4324
2877,2613
2877,1156
2877,639
2877,1438
2877,2863
2877,1161
2877,1165
2877,1166
2877,2879
944,858
944,882
944,889
944,890
944,917
944,918
944,920
944,922
944,948
4231,1147
4231,240
4231,1148
4231,2814
4231,772
4231,2476
4231,1150
4231,1039
4231,286
4231,1152
4231,1153
4231,2297
4231,1154
4231,1042
4231,3781
4231,1155
4231,1043
4231,2302
4231,521
4231,4791
4231,1435
4231,1379
4231,2311
4231,2570
4231,2316
4231,2111
4231,2201
4231,2574
4231,1159
4231,288
4231,745
4231,2809
4231,1049
3959,3842
3959,3866
3959,3867
3959,3868
3959,3869
3959,3871
3959,3872
3959,2309
3959,3873
3959,3874
3959,3875
3959,1904
3959,3878
3959,3879
3959,3880
3959,2314
3959,3888
3959,3595
3959,4292
3959,3891
3959,3892
3959,3897
3959,3899
3959,3905
3959,3910
3959,3911
3959,3912
3959,3914
3959,3918
3959,3919
3959,3579
3959,3920
3959,3921
3959,3922
3959,3926
3959,3927
3959,3930
3959,2786
3959,2339
3959,3933
3959,3934
3959,3938
3959,1103
3959,3940
3959,3942
3959,2608
3959,3949
3959,3950
3959,3954
3959,3956
3959,1524
3959,3730
3959,3961
3959,1528
2219,1686
2219,2759
2219,2187
2219,451
2219,2098
2219,2816
2219,2205
2219,2208
2219,2210
2219,2213
2219,2372
3725,3580
3725,3581
3725,3582
3725,3584
3725,3585
3725,3587
3725,1906
3725,3878
3725,3590
3725,3591
3725,3593
3725,3594
3725,82
3725,816
3725,3600
3725,3602
3725,2323
3725,131
3725,3604
3725,3605
3725,3606
3725,3607
3725,3609
3725,2281
3725,3611
3725,593
3725,3615
3725,3616
3725,3617
3725,3618
3725,133
3725,3619
3725,3622
3725,3624
3725,3625
3725,3626
3725,3579
3725,3629
3725,3630
3725,451
3725,3633
3725,2331
3725,3636
3725,3637
3725,3639
3725,3640
3725,3642
3725,3644
3725,3210
3725,3645
3725,3646
3725,3647
3725,3648
3725,3649
3725,3654
3725,3655
3725,3657
3725,3658
3725,3659
3725,3660
3725,3933
3725,3662
3725,3663
3725,3664
3725,3666
3725,3669
3725,3673
3725,3675
3725,3943
3725,1938
3725,3676
3725,1939
3725,2208
3725,3677
3725,3678
3725,4224
3725,3680
3725,3681
3725,3682
3725,2560
3725,3684
3725,3685
3725,3687
3725,3689
3725,2355
3725,3691
3725,3692
3725,3694
3725,3695
3725,3697
3725,3698
3725,437
3725,1947
3725,1948
3725,3701
3725,1246
3725,3703
3725,3706
3725,3707
3725,3708
3725,3709
3725,3710
3725,3711
3725,3713
3725,1377
3725,3714
3725,3715
3725,3716
3725,3718
3725,3719
3725,3388
3725,3721
3725,3727
3725,3728
3725,3731
3725,3732
3725,3733
3725,3735
3725,3737
3725,2372
3726,3580
3726,3591
3726,3593
3726,126
3726,3600
3726,3604
3726,3605
3726,3610
3726,2281
3726,3613
3726,3614
3726,3616
3726,3617
3726,3619
3726,3626
3726,3636
3726,3928
3726,3639
3726,3642
3726,3646
3726,3647
3726,3652
3726,2786
3726,3658
3726,3662
3726,3943
3726,3678
3726,3682
3726,3689
3726,3692
3726,3694
3726,3696
3726,3697
3726,437
3726,3707
3726,3713
3726,3716
3726,3727
3726,3728
3726,3730
3727,3580
3727,3581
3727,2271
3727,3585
3727,3590
3727,3591
3727,3593
3727,3598
3727,3599
3727,3600
3727,3601
3727,3603
3727,1217
3727,3604
3727,3605
3727,2281
3727,3611
3727,3612
3727,3613
3727,3614
3727,3616
3727,3617
3727,3618
3727,133
3727,433
3727,3619
3727,3620
3727,3622
3727,3626
3727,3629
3727,3630
3727,435
3727,3633
3727,3635
3727,3636
3727,3637
3727,3638
3727,3639
3727,3642
3727,3644
3727,3645
3727,3646
3727,3647
3727,3651
3727,3652
3727,3657
3727,3658
3727,3659
3727,3662
3727,3663
3727,3664
3727,3666
3727,3940
3727,3673
3727,1938
3727,3677
3727,3678
3727,4224
3727,3682
3727,3683
3727,3684
3727,3687
3727,3689
3727,3692
3727,3694
3727,3696
3727,3697
3727,3699
3727,3706
3727,3707
3727,3708
3727,3709
3727,3710
3727,3713
3727,1377
3727,3714
3727,3715
3727,3716
3727,3849
3727,3725
3727,3726
3727,3728
3727,3729
3727,3730
3727,3731
3727,3732
3727,3735
3727,3737
3728,3580
3728,3581
3728,3583
3728,3585
3728,1900
3728,3590
3728,3593
3728,3594
3728,3598
3728,3599
3728,3600
3728,3603
3728,3984
3728,4380
3728,3605
3728,2281
3728,3611
3728,3614
3728,593
3728,3618
3728,3619
3728,3622
3728,543
3728,3626
3728,3628
3728,3579
3728,3416
3728,3629
3728,435
3728,3633
3728,3635
3728,3638
3728,3640
3728,3642
3728,3644
3728,3647
3728,3649
3728,3652
3728,3654
3728,3662
3728,3663
3728,3664
3728,3673
3728,3943
3728,1938
3728,3676
3728,3679
3728,1942
3728,3680
3728,3682
3728,3684
3728,3687
3728,3691
3728,3692
3728,3694
3728,3696
3728,3699
3728,3701
3728,3705
3728,3706
3728,3707
3728,3708
3728,3709
3728,3710
3728,3711
3728,3712
3728,3721
3728,3725
3728,3726
3728,3727
3728,3729
3728,3730
3728,3731
3728,3735
3728,3737
1680,1659
1680,1670
1680,1679
1680,1683
1680,1684
3050,477
3050,4905
3050,2994
3050,2862
3050,2866
3050,2871
3050,1614
3050,3038
2293,1687
2293,874
2293,1695
3090,2646
3090,2996
3090,2978
3090,703
3090,3754
3090,2535
3090,2642
4109,4105
4109,4106
4109,4108
1631,1405
1631,1300
1631,3341
1631,1619
1631,1739
1631,3766
4322,4287
4322,4291
4322,4293
4322,4296
4322,2607
4322,4309
4322,2426
4322,4313
4322,4314
4322,4315
4322,4316
4322,1143
4322,4321
4322,4324
2550,445
2550,1637
2550,477
2550,814
2550,244
2550,687
2550,1650
2550,2545
2550,2866
2550,840
2550,842
2550,4227
2550,27
2550,2549
3789,3783
3789,2019
3789,3785
3789,1577
3789,2255
3789,1578
3789,1579
3789,642
3789,280
3789,3787
3789,1939
3789,4844
3789,4849
4850,4675
4850,4525
4850,2235
4850,2301
4850,1647
4850,3365
4850,2614
4850,2854
4850,3014
4850,2858
4850,2859
4850,3021
4850,2865
4850,329
4850,2867
4850,2868
4850,4990
4850,2342
4850,2344
4850,2114
4850,1656
4850,2535
4850,3053
4850,2878
4850,2370
1806,1785
1806,1792
1806,4584
1806,1796
1806,2445
1806,1807
3729,3580
3729,3583
3729,3590
3729,3594
3729,3598
3729,3603
3729,3614
3729,3619
3729,3622
3729,3626
3729,3630
3729,3633
3729,3635
3729,3638
3729,3640
3729,3644
3729,3647
3729,3649
3729,3652
3729,3662
3729,3664
3729,1938
3729,3680
3729,3682
3729,3684
3729,3687
3729,3691
3729,3696
3729,437
3729,3701
3729,3706
3729,3707
3729,3708
3729,3709
3729,3710
3729,3721
3729,3727
3729,3728
3729,3730
3729,3737
3315,3296
3315,3304
3315,3310
3315,3312
3315,3314
3315,1257
3315,3316
957,209
957,1381
957,55
957,1383
957,953
957,1391
957,4914
957,1396
957,4263
3268,2989
3268,2962
3268,3265
423,373
423,4679
423,4836
423,1413
423,4211
423,1175
423,836
423,4617
423,1585
423,2075
423,1227
423,1291
423,377
423,4640
423,1135
423,2406
423,9
423,3136
423,715
423,1228
423,4788
423,4974
423,962
423,2079
423,3820
423,642
423,1085
423,3290
423,1900
423,40
423,380
423,56
423,2571
423,1136
423,581
423,1724
423,388
423,1305
423,1846
423,4739
423,4140
423,1193
423,2412
423,2322
423,4981
423,4537
423,359
423,451
423,2332
423,2333
423,1456
423,4706
423,1029
423,398
423,1853
423,23
423,1461
423,3143
423,3062
423,1312
423,2790
423,1463
423,2555
423,1464
423,1580
423,2791
423,4539
423,1466
423,2340
423,280
423,4921
423,4876
423,2450
423,2868
423,841
423,3753
423,1319
423,1476
423,1478
423,2084
423,1480
423,1481
423,1732
423,1614
423,3094
423,2794
423,1326
423,3548
423,824
423,2208
423,2714
423,1943
423,1493
423,4610
423,2103
423,1495
423,401
423,2171
423,3147
423,2845
423,230
423,1979
423,2357
423,939
423,2396
423,2359
423,1874
423,469
423,4807
423,4884
423,1337
423,1079
423,1877
423,4846
423,1996
423,2432
423,3096
423,2960
423,404
423,608
423,2805
423,614
423,2087
423,849
423,1143
423,807
423,471
423,2217
423,369
423,1745
423,4714
423,1521
423,4169
423,1632
423,85
423,4779
423,4395
423,1886
423,1527
423,1528
423,2372
423,2492
423,1530
423,4481
423,4545
423,3860
423,207
3087,1173
3087,1155
3087,1710
3087,2997
3087,2998
3087,2180
3087,3005
3087,2854
3087,2857
3087,2859
3087,2861
3087,1727
3087,2332
3087,2895
3087,1849
3087,3021
3087,3022
3087,2732
3087,1458
3087,3023
3087,1728
3087,2865
3087,3145
3087,2867
3087,2868
3087,3109
3087,3030
3087,2871
3087,3035
3087,2792
3087,2872
3087,1327
3087,3095
3087,3083
3087,2798
3087,2388
3087,3040
3087,3043
3087,3313
3087,3044
3087,2803
3087,1996
3087,3096
3087,1340
3087,4169
3087,2617
3087,3053
3087,2878
3087,85
3087,3100
3087,3101
3087,2880
945,858
945,4278
945,260
945,885
945,895
945,901
945,903
945,4281
945,936
945,2735
945,937
945,563
945,1107
4169,375
4169,4780
4169,663
4169,3131
4169,1592
4169,3136
4169,4788
4169,3160
4169,642
4169,1136
4169,4140
4169,1193
4169,4537
4169,3291
4169,4668
4169,4035
4169,2332
4169,3238
4169,3739
4169,650
4169,2555
4169,2791
4169,4921
4169,3787
4169,3033
4169,2208
4169,1943
4169,1493
4169,401
4169,3147
4169,1656
4169,4286
4169,4340
4169,3706
4169,2805
4169,849
4169,2807
4169,1521
4169,423
4169,3087
4169,3850
4169,1527
4169,207
3051,477
3051,2988
3051,1710
3051,3002
3051,3021
3051,2867
3051,3027
3051,1730
3051,3095
3051,3039
3051,4847
3051,3096
3051,3098
3051,85
3051,3150
3051,4265
2462,1234
2462,2443
3448,3419
3448,1564
3448,4070
3448,3431
3448,3432
3448,3433
3448,923
3448,3435
3448,3863
3448,1488
2178,2176
2178,239
2178,171
2178,4617
2178,2727
2178,639
2178,115
2178,797
2178,1959
2178,656
2090,1409
2090,970
2090,639
1524,510
1524,4780
1524,4580
1524,663
1524,2440
1524,1201
1524,1983
1524,991
1524,950
1524,4679
1524,4905
1524,4963
1524,4680
1524,1966
1524,1984
1524,2760
1524,2727
1524,4068
1524,2300
1524,174
1524,3279
1524,99
1524,3136
1524,100
1524,2473
1524,2302
1524,4869
1524,2552
1524,4786
1524,3469
1524,4788
1524,3160
1524,642
1524,4347
1524,4172
1524,2445
1524,1993
1524,2311
1524,4733
1524,3375
1524,56
1524,894
1524,1663
1524,1846
1524,4140
1524,788
1524,389
1524,1445
1524,4124
1524,1194
1524,4035
1524,1588
1524,539
1524,1242
1524,3986
1524,359
1524,4705
1524,1799
1524,2332
1524,3504
1524,4896
1524,2083
1524,3184
1524,23
1524,650
1524,2555
1524,928
1524,1466
1524,1244
1524,2450
1524,4449
1524,4764
1524,3033
1524,1078
1524,1863
1524,3943
1524,1940
1524,2506
1524,4846
1524,1267
1524,2805
1524,155
1524,4402
1524,4283
1524,2807
1524,709
1524,471
1524,1745
1524,4714
1524,4994
1524,2738
1524,3958
1524,3959
1524,2367
1524,2161
1524,472
1524,1807
1524,207
3231,2882
3231,1074
3231,3192
3231,2950
3231,3213
3231,3215
3231,3216
3231,3220
3231,45
3231,3221
3231,3224
3231,2952
3231,3229
3231,3232
4116,4112
4116,1968
4116,4114
4116,767
4116,1521
4770,4646
4770,4736
1884,1408
1884,3158
1884,2079
1884,1836
1884,1594
1884,56
1884,1846
1884,1533
1884,398
1884,1854
1884,1936
1884,1078
1884,1876
1884,1886
1884,1527
4264,4235
4264,712
4264,4246
4264,213
4264,4259
4264,4261
4264,1458
4264,4359
1632,1405
1632,1836
1632,451
1632,23
1632,1463
1632,3144
1632,1466
1632,1471
1632,1476
1632,3094
1632,1615
1632,2714
1632,2560
1632,1943
1632,2103
1632,1979
1632,1874
1632,4884
1632,1337
1632,1996
1632,2432
1632,471
1632,2217
1632,1745
1632,1520
1632,1521
1632,423
1632,85
1632,3150
1632,1886
1632,554
1632,1527
1632,2372
1632,2492
1632,4545
1632,207
4588,4515
4588,4869
1257,1248
1257,4085
1257,1249
1257,4852
1257,3529
1257,1206
1257,3531
1257,4789
1257,3535
1257,1252
1257,1844
1257,3325
1257,1664
1257,1726
1257,2333
1257,4756
1257,1254
1257,3312
1257,3315
1247,90
1247,1245
2718,74
2718,4675
2718,2762
2718,1651
2718,4818
2718,2690
2718,2728
2718,2780
2718,2856
2718,2859
2718,359
2718,2707
2718,2789
2718,3145
2718,3834
2718,4847
2718,4849
946,858
946,860
946,866
946,874
946,213
946,214
946,905
946,932
946,943
2463,1234
2463,1415
2463,636
2463,2442
2463,4172
2463,41
2463,2773
2463,4030
2463,2930
2463,69
2463,4035
2463,37
2463,2152
2463,2414
2463,23
2463,362
2463,1729
2463,1493
2463,469
2463,1804
2463,2459
2463,471
2463,2464
4930,4811
4930,2763
4930,2780
4930,1445
4930,1611
204,161
204,167
204,169
204,177
204,179
204,180
204,185
204,188
204,189
204,4047
204,206
2657,2645
2657,2648
2657,2652
2657,2653
2657,2656
2061,2
2061,1073
2061,3364
2061,51
2061,720
2061,2855
2061,2057
2061,2058
2061,2546
2061,2059
2061,2060
2061,1079
2061,1520
2061,1521
4390,4369
4390,4376
4390,4381
4390,4382
4390,4383
4390,4384
4390,1506
4390,3447
2538,2521
2538,3575
2538,2528
2538,2530
2538,2532
2538,2534
2538,4084
2538,2539
2538,2540
4416,4407
4416,2884
4416,4221
4416,4410
4416,4412
4416,4413
4416,3225
4416,4415
2561,2397
2561,4601
2561,523
2561,575
2561,1837
2561,527
2561,56
2561,207
2050,2014
2050,2047
1549,1404
1549,4403
1549,500
1549,1456
1549,1029
1549,1461
1549,1468
1549,1610
1549,1484
1549,1488
1549,1543
1549,1491
1549,1545
1549,1494
1549,1495
1549,1507
1549,1522
1549,1523
2719,74
2719,4581
2719,682
2719,3748
2719,3421
2719,3422
2719,1433
2719,3077
2719,4839
2719,2856
2719,2701
2719,1811
2719,2705
2719,1495
2719,3100
3730,3580
3730,3581
3730,3585
3730,3586
3730,3875
3730,3590
3730,3593
3730,3594
3730,3598
3730,3600
3730,3601
3730,3603
3730,3605
3730,2677
3730,2281
3730,3611
3730,3612
3730,3614
3730,3617
3730,3619
3730,3621
3730,3622
3730,3626
3730,3633
3730,3635
3730,3637
3730,3638
3730,3640
3730,3642
3730,3644
3730,3647
3730,3649
3730,3652
3730,3658
3730,3662
3730,3664
3730,4914
3730,1938
3730,3687
3730,3694
3730,3696
3730,437
3730,3699
3730,3701
3730,3706
3730,3707
3730,3708
3730,3709
3730,3716
3730,3721
3730,3959
3730,3726
3730,3727
3730,3728
3730,3729
3730,3731
3730,3735
3730,1528
3730,3737
3730,2373
4323,4287
4323,4293
4323,4313
4323,4321
2658,2645
2658,2649
3731,3580
3731,3591
3731,3600
3731,3604
3731,3608
3731,3610
3731,2281
3731,3616
3731,3617
3731,3619
3731,3620
3731,3621
3731,3625
3731,3626
3731,3629
3731,3630
3731,3633
3731,3637
3731,3639
3731,3642
3731,3652
3731,3655
3731,3658
3731,3675
3731,1938
3731,3676
3731,3682
3731,3698
3731,437
3731,3699
3731,3701
3731,3707
3731,3708
3731,3709
3731,3711
3731,3714
3731,3716
3731,3718
3731,3725
3731,3727
3731,3728
3731,3730
1402,210
1402,950
1402,211
1402,107
1402,1379
1402,1397
1402,1400
205,161
205,3261
205,193
205,1499
205,3048
3098,2988
3098,3027
3098,3051
3524,3463
3524,3490
3524,3508
4631,170
4631,2074
4631,4617
4631,1090
4631,1849
4631,1469
4631,4274
4631,1490
4631,4628
4631,1509
1185,1169
1185,1172
1185,1177
1185,1179
1185,465
2367,738
2367,2613
2367,1223
2367,2988
2367,3450
2367,2400
2367,4851
2367,244
2367,1225
2367,1413
2367,4598
2367,1287
2367,1750
2367,2494
2367,1156
2367,2179
2367,712
2367,2180
2367,3266
2367,1757
2367,1712
2367,2301
2367,714
2367,4787
2367,4908
2367,1293
2367,2272
2367,642
2367,4838
2367,3059
2367,870
2367,4428
2367,2498
2367,1761
2367,1296
2367,2032
2367,1564
2367,1297
2367,2614
2367,4070
2367,2310
2367,1298
2367,722
2367,4820
2367,2311
2367,2175
2367,3536
2367,2167
2367,3375
2367,108
2367,1300
2367,1301
2367,4152
2367,1970
2367,1136
2367,1302
2367,1303
2367,2317
2367,1994
2367,4699
2367,727
2367,1182
2367,2168
2367,3291
2367,4910
2367,4668
2367,729
2367,1925
2367,3986
2367,3904
2367,2677
2367,3614
2367,433
2367,3991
2367,4704
2367,2332
2367,2334
2367,1849
2367,2336
2367,23
2367,650
2367,2708
2367,2590
2367,1935
2367,2867
2367,3176
2367,2504
2367,3034
2367,1103
2367,2346
2367,3548
2367,3037
2367,1327
2367,2208
2367,1617
2367,2873
2367,1493
2367,2357
2367,1944
2367,1873
2367,1946
2367,1113
2367,1742
2367,146
2367,2805
2367,416
2367,3517
2367,806
2367,3719
2367,2807
2367,1340
2367,1521
2367,656
2367,1341
2367,1524
2367,85
2367,2618
2368,738
2368,1830
2368,2297
2368,2299
2368,2188
2368,2301
2368,2302
2368,4791
2368,3365
2368,309
2368,1435
2368,530
2368,2310
2368,2311
2368,2193
2368,56
2368,900
2368,15
2368,2316
2368,1210
2368,2111
2368,69
2368,2321
2368,3379
2368,2330
2368,451
2368,320
2368,71
2368,2414
2368,2333
2368,2343
2368,2354
2368,2358
2368,471
2368,2363
2617,2611
2617,477
2617,1349
2617,560
2617,1593
2617,639
2617,3005
2617,722
2617,3014
2617,900
2617,2857
2617,2858
2617,1028
2617,1849
2617,3022
2617,2862
2617,2732
2617,3023
2617,3143
2617,2865
2617,2867
2617,2868
2617,1317
2617,4542
2617,3109
2617,2102
2617,2951
2617,3033
2617,2871
2617,3035
2617,2114
2617,4625
2617,2735
2617,3083
2617,1656
2617,2737
2617,566
2617,2535
2617,3313
2617,2116
2617,1340
2617,2738
2617,3087
2617,2539
2617,554
2617,1828
2617,2880
2847,39
2847,2835
2847,4686
2847,2208
2847,4224
2847,2428
2847,2560
2847,2845
2847,47
2847,2801
2847,469
2847,369
2847,2364
2847,4545
3960,3842
3960,4836
3960,4960
3960,3867
3960,3868
3960,3870
3960,1902
3960,2309
3960,3873
3960,3875
3960,1904
3960,3877
3960,3878
3960,1908
3960,2163
3960,4292
3960,2321
3960,4293
3960,1914
3960,4855
3960,2322
3960,1918
3960,3901
3960,3908
3960,3911
3960,133
3960,3914
3960,3916
3960,1103
3960,3950
3960,349
3960,1528
4519,4514
2663,236
2663,2399
3961,3842
3961,3974
3961,3869
3961,3870
3961,3873
3961,3874
3961,3879
3961,3880
3961,3881
3961,3595
3961,3891
3961,3892
3961,1918
3961,3897
3961,3901
3961,3905
3961,3910
3961,3911
3961,3913
3961,3920
3961,3922
3961,3926
3961,3927
3961,3930
3961,3931
3961,2339
3961,3932
3961,3933
3961,3934
3961,3938
3961,3942
3961,3944
3961,3949
3961,3950
3961,3954
3961,3956
3961,3959
2369,738
2369,513
2369,3587
2369,1912
2369,2038
2369,4292
2369,2323
2369,592
2369,333
2369,281
2369,2208
2369,827
2369,2359
2369,849
2369,2362
1114,749
1114,1089
1114,1099
1114,1112
4012,3972
4012,4560
4012,3973
4012,3976
4012,3159
4012,3978
4012,1907
4012,3983
4012,3984
4012,3985
4012,3989
4012,3992
4012,3993
4012,3995
4012,4002
4012,4003
4012,4004
4012,4006
4012,4007
4012,4011
3744,3738
1115,749
1115,1094
1115,3502
1115,1105
1403,210
1403,1391
1403,1399
3052,477
3052,1302
3052,2085
3052,1490
3052,3041
4151,2829
4151,40
4151,4136
4151,4139
4151,2838
4151,2840
4151,3764
4151,3836
4151,1957
4151,4144
4151,4145
4151,4146
4151,4147
4151,4149
4151,4150
2161,2117
2161,1689
2161,3103
2161,1708
2161,1414
2161,4370
2161,2133
2161,2138
2161,639
2161,2141
2161,2145
2161,4171
2161,449
2161,1795
2161,4584
2161,2148
2161,4347
2161,380
2161,1797
2161,2307
2161,879
2161,1023
2161,117
2161,787
2161,1439
2161,2662
2161,389
2161,2675
2161,4373
2161,4123
2161,3181
2161,588
2161,4124
2161,3406
2161,1799
2161,3184
2161,4382
2161,23
2161,4526
2161,2158
2161,1729
2161,704
2161,1733
2161,2208
2161,3112
2161,4767
2161,3113
2161,2357
2161,403
2161,406
2161,3447
2161,416
2161,3519
2161,419
2161,157
2161,471
2161,2217
2161,4168
2161,4994
2161,1524
2161,1807
3347,3333
3347,3338
3347,2791
3347,3343
3347,3348
3347,207
3462,3450
3053,477
3053,2614
3053,2854
3053,1663
3053,2859
3053,2895
3053,2865
3053,3145
3053,2868
3053,2792
3053,4850
3053,3087
3053,2878
4611,4472
4611,1509
4232,240
4232,4435
4232,1482
4232,607
4232,1548
947,858
947,882
947,889
3232,2882
3232,1074
3232,3192
3232,3206
3232,3213
3232,3216
3232,3220
3232,45
3232,3221
3232,3224
3232,2886
3232,2952
3232,2887
3232,3229
3232,2909
3232,3231
3232,3233
4461,4445
4461,4537
1885,1408
1885,914
1885,1850
1885,3439
1885,1855
1885,1864
1885,1872
1885,1875
370,356
370,369
3962,3842
3962,1045
3962,3868
3962,3874
3962,3888
3962,3891
3962,3893
3962,3414
3962,3900
3962,3904
3962,3912
3962,3913
3962,3918
3962,3923
3962,3924
3962,3925
3962,3926
3962,3929
3962,3957
3962,2372
1681,1659
1681,1660
1681,1437
1681,2418
1681,1666
1681,1669
1681,1671
1681,1679
1525,510
1525,1405
1525,1431
1525,1532
1525,1437
1525,42
1525,1454
1525,1456
1525,1457
1525,1469
1525,1471
1525,1472
1525,1475
1525,1476
1525,1611
1525,1479
1525,1816
1525,1612
1525,1613
1525,1488
1525,1491
1525,1618
1525,1494
1525,1495
1525,1619
1525,1501
1525,1502
1525,1504
1525,1506
1525,1507
1525,1518
1525,1521
1525,1522
1525,1523
1525,85
1525,1529
3449,3419
3449,852
4196,3464
4196,4154
4196,3821
4196,3822
4196,3825
4196,4178
4196,4179
4196,3637
4196,4190
4196,4149
4096,4045
4096,4923
4096,2597
4096,4093
4096,4095
2634,2629
2634,2633
1062,969
1062,1056
1062,736
1062,986
1526,510
1526,1416
1526,1417
1526,1431
1526,1532
1526,1454
1526,1456
1526,1029
1526,1461
1526,1469
1526,1476
1526,1611
1526,1541
1526,1488
1526,1542
1526,1490
1526,1491
1526,1618
1526,1494
1526,1495
1526,1502
1526,1504
1526,1522
1526,1523
4065,4060
4065,1800
4065,4061
4065,2245
4065,4064
2635,2629
3777,660
3777,3769
3777,3771
3777,3775
1050,1035
1050,4550
4502,4491
2878,2613
2878,2761
2878,3135
2878,2999
2878,3001
2878,867
2878,3005
2878,2853
2878,2614
2878,2854
2878,3014
2878,904
2878,2858
2878,2859
2878,2861
2878,1849
2878,1602
2878,3022
2878,2865
2878,1608
2878,2867
2878,2868
2878,3787
2878,3340
2878,2114
2878,2245
2878,2291
2878,1620
2878,1623
2878,4850
2878,3087
2878,3053
85,73
85,510
85,74
85,3131
85,1710
85,1531
85,3421
85,3005
85,40
85,3075
85,2771
85,2175
85,1121
85,2407
85,1532
85,42
85,2856
85,4981
85,2703
85,539
85,1811
85,4392
85,359
85,451
85,1727
85,2332
85,1454
85,1456
85,3437
85,1457
85,223
85,1458
85,1029
85,1853
85,23
85,1461
85,1312
85,1666
85,1463
85,3260
85,1464
85,1813
85,1466
85,280
85,1469
85,2868
85,1475
85,1476
85,1611
85,3035
85,2792
85,1614
85,3094
85,1326
85,1327
85,2208
85,2714
85,2798
85,1493
85,2103
85,1495
85,1978
85,1979
85,4145
85,1504
85,1874
85,4884
85,4340
85,4095
85,4846
85,1996
85,4847
85,3096
85,2805
85,471
85,1745
85,1520
85,4714
85,1521
85,2738
85,1522
85,423
85,3087
85,3051
85,1632
85,2367
85,1525
85,1342
85,1344
85,554
85,3100
85,1528
85,1551
85,1530
85,371
85,207
2593,233
2593,2582
4779,4589
4779,2132
4779,4344
4779,1480
4779,4778
4779,3096
4779,4688
4779,423
4779,554
2539,2521
2539,1349
2539,560
2539,639
2539,3530
2539,294
2539,295
2539,1565
2539,2858
2539,216
2539,4078
2539,2528
2539,2530
2539,300
2539,2114
2539,2115
2539,2534
2539,2116
2539,4084
2539,2538
2539,2617
2539,2540
2539,2721
4645,1126
4645,4636
4645,742
4645,2226
4645,4638
4645,2228
4645,1380
4645,2230
4645,4644
1550,1404
1550,1405
1550,1419
1550,1457
1550,1029
1550,1461
1550,1464
1550,1468
1550,1469
1550,1477
1550,1611
1550,1612
1550,1613
1550,1543
1550,1618
1550,1502
1550,607
1550,1518
1550,1520
1550,1522
1342,1284
1342,1286
1342,2075
1342,1291
1342,1292
1342,3534
1342,1293
1342,42
1342,1306
1342,1307
1342,1137
1342,1535
1342,1310
1342,3021
1342,1458
1342,2418
1342,1311
1342,1312
1342,1466
1342,4921
1342,2868
1342,1729
1342,84
1342,2102
1342,1322
1342,1324
1342,1326
1342,2714
1342,1329
1342,1330
1342,1820
1342,1335
1342,3759
1342,1341
1342,85
1342,1344
1342,554
1342,1828
3233,2882
3233,1074
3233,3192
3233,3213
3233,3220
3233,45
3233,3221
3233,3224
3233,2952
3233,3229
3233,3232
3054,477
3054,2994
3054,3004
3054,3005
3054,3007
3054,2260
3054,2166
3054,2586
3054,3011
3054,910
3054,2860
3054,3018
3054,2861
3054,2868
2248,2237
2248,2238
2248,2239
2248,3425
2248,2771
2248,2241
2248,3140
2248,2243
1998,511
1998,1201
1998,2300
1998,99
1998,100
1998,1993
1998,2311
1998,56
1998,115
1998,15
1998,2316
1998,1973
1998,539
1998,1450
1998,1309
1998,1995
3329,3327
3329,3328
3329,3330
3329,3331
3329,3332
1343,1284
1343,476
1343,280
1343,4586
1343,1614
1343,1325
4900,2016
4900,3017
4900,1458
4900,4897
4900,424
2094,2092
3850,3840
3850,3844
3850,4169
3525,3463
3525,377
3525,3287
3525,3476
3525,3497
3525,393
3525,3502
3525,360
3525,2939
3525,1266
3525,3516
3525,4165
3525,404
3525,405
3525,414
3525,508
3525,730
3525,2984
3525,2289
3525,155
3525,1033
3525,4283
3525,2946
2911,2636
2911,2910
3099,2988
3099,712
3099,4216
3099,484
3099,3134
3099,485
3099,2998
3099,4087
3099,864
3099,1292
3099,3002
3099,2920
3099,643
3099,265
3099,877
3099,2923
3099,4280
3099,4796
3099,1303
3099,81
3099,2860
3099,2707
3099,3023
3099,2868
3099,2102
3099,1733
3099,364
3099,1327
3099,986
3099,1620
3099,3096
3099,554
3732,3580
3732,1181
3732,14
3732,788
3732,2322
3732,1916
3732,3599
3732,4376
3732,3614
3732,2154
3732,3416
3732,2332
3732,3649
3732,3651
3732,3654
3732,3657
3732,3659
3732,3660
3732,3669
3732,4042
3732,3673
3732,3677
3732,3679
3732,3680
3732,3681
3732,3682
3732,3684
3732,1734
3732,3688
3732,3689
3732,3691
3732,3696
3732,3697
3732,3362
3732,4886
3732,3709
3732,3711
3732,3725
3732,3727
3732,3737
2947,476
2947,2936
2947,2940
2947,2616
2947,1332
2947,2941
2947,800
4689,4520
4689,4679
4689,4744
4689,4747
4689,4683
4689,4688
2618,2611
2618,1994
2618,1602
2618,1623
2618,2367
630,304
630,331
630,629
2562,2397
2562,4956
2562,4591
2562,1585
2562,3276
2562,2442
2562,1425
2562,69
2562,1193
2562,1915
2562,3574
2562,2322
2562,2064
2562,4478
2562,4201
2562,3062
2562,1463
2562,1103
2562,3754
2562,1700
2562,846
2562,849
2562,807
2562,471
2562,302
2562,1826
2562,4480
3733,3580
3733,3600
3733,3607
3733,3608
3733,3615
3733,3620
3733,451
3733,3647
3733,3651
3733,3654
3733,3657
3733,3666
3733,3673
3733,3677
3733,3678
3733,3681
3733,3682
3733,3512
3733,1734
3733,3688
3733,3689
3733,3691
3733,3698
3733,3708
3733,3711
3733,3849
3733,3725
3733,3737
948,858
948,859
948,862
948,882
948,889
948,890
948,1663
948,938
948,939
948,944
4858,4648
4858,4653
4858,4852
4858,2957
4858,1086
4858,1087
4858,1088
4858,903
4858,1094
4858,1096
4858,4856
4858,4857
4858,1608
4858,4061
4858,1654
4858,1610
4858,1612
4858,1104
4858,1105
4858,1108
4858,1109
4858,1111
2172,2165
2172,1754
2172,1760
2172,718
2172,2166
2172,720
2172,1300
2172,1767
2172,2168
2172,1773
2172,2169
2172,2170
2172,2873
2172,4610
2172,2173
2172,3317
2173,2165
2173,477
2173,2989
2173,2994
2173,1754
2173,2999
2173,3266
2173,2850
2173,3003
2173,4908
2173,3005
2173,1760
2173,3009
2173,1300
2173,1767
2173,1768
2173,2168
2173,2201
2173,2862
2173,2866
2173,2169
2173,2870
2173,2113
2173,2871
2173,2170
2173,2346
2173,3038
2173,2873
2173,1629
2173,2172
771,758
771,209
771,2849
771,838
771,762
771,766
771,1702
4417,4407
4417,4408
4417,4409
4417,4411
4417,4414
4417,4415
3734,3580
3734,785
3734,3595
3734,954
3734,3632
3734,3641
3734,1937
3734,1010
424,373
424,2892
424,4981
424,2872
424,2798
424,2737
424,1823
424,4900
424,3275
3577,2565
3577,1300
3577,3196
3577,3143
3577,4846
4110,4105
1658,813
1658,309
1658,821
1658,336
1658,26
4395,4393
4395,1426
4395,115
4395,117
4395,596
4395,398
4395,598
4395,599
4395,796
4395,1243
4395,1936
4395,600
4395,601
4395,1860
4395,602
4395,605
4395,1873
4395,1876
4395,607
4395,1949
4395,452
4395,146
4395,1625
4395,150
4395,608
4395,1512
4395,802
4395,609
4395,547
4395,1246
4395,151
4395,803
4395,152
4395,1513
4395,610
4395,4401
4395,611
4395,4365
4395,2804
4395,1997
4395,614
4395,4283
4395,806
4395,4167
4395,420
4395,423
4395,2371
4395,548
1682,1659
1682,1660
1682,3403
1682,1661
1682,4252
1682,1664
1682,4259
1682,1811
1682,3436
1682,1666
1682,1463
1682,1668
1682,3544
1682,1669
1682,1670
1682,1671
1682,4224
1682,1675
1682,3554
1682,1677
1682,1678
1682,471
1682,1679
1682,2717
1682,1683
1186,1169
1186,251
1589,1584
1589,1585
1589,2105
2433,165
2433,4665
2433,3063
4111,4105
4111,404
3150,632
3150,3128
3150,4862
3150,4423
3150,2889
3150,3121
3150,2848
3150,3131
3150,2234
3150,2403
3150,3133
3150,712
3150,9
3150,3167
3150,1252
3150,1305
3150,3140
3150,4374
3150,3018
3150,2707
3150,2099
3150,3021
3150,1480
3150,2560
3150,47
3150,2430
3150,4340
3150,1509
3150,4847
3150,849
3150,807
3150,3051
3150,1632
3150,207
4890,1640
4890,4876
4890,4887
4890,554
1355,1036
3316,3296
3316,3304
3316,3310
3316,3312
3316,3315
1344,1284
1344,2997
1344,2700
1344,2183
1344,3567
1344,1327
1344,4847
1344,1341
1344,85
1344,1342
1886,1408
1886,1836
1886,1846
1886,451
1886,1854
1886,1463
1886,1466
1886,841
1886,1729
1886,3753
1886,1860
1886,1078
1886,1863
1886,2714
1886,1979
1886,1874
1886,1239
1886,1876
1886,4210
1886,471
1886,2217
1886,423
1886,1884
1886,1632
1886,1527
1886,2372
1886,4481
1886,835
1886,4545
1067,1063
1067,2762
1067,1065
1067,3441
1067,1069
472,453
472,4503
472,461
472,1136
472,4292
472,2414
472,23
472,2555
472,1729
472,1318
472,3753
472,706
472,468
472,469
472,1337
472,155
472,471
472,2364
472,4714
472,1524
472,1528
472,474
472,207
4023,34
4023,4014
4023,4017
4023,4020
4023,4021
4023,4022
443,87
443,88
443,89
443,91
443,92
443,96
443,778
443,102
443,521
443,523
443,3373
443,110
443,111
443,113
443,115
443,430
443,116
443,117
443,118
443,122
443,583
443,3180
443,126
443,588
443,589
443,128
443,129
443,132
443,594
443,433
443,190
443,435
443,436
443,137
443,602
443,4191
443,437
443,146
443,148
443,149
443,440
443,609
443,151
443,803
443,610
443,153
443,612
443,154
443,160
3735,3580
3735,3582
3735,2271
3735,3584
3735,3585
3735,3590
3735,3593
3735,2038
3735,4374
3735,3600
3735,3602
3735,3603
3735,3605
3735,2744
3735,2281
3735,3612
3735,3614
3735,3616
3735,3617
3735,3619
3735,3622
3735,3626
3735,3629
3735,3633
3735,3635
3735,3637
3735,3642
3735,3646
3735,3647
3735,3652
3735,3658
3735,3662
3735,3664
3735,1938
3735,3676
3735,1941
3735,3678
3735,3682
3735,3687
3735,3691
3735,3692
3735,3694
3735,437
3735,3699
3735,3706
3735,3709
3735,3710
3735,1377
3735,3725
3735,3727
3735,3728
3735,3730
3735,3737
2720,74
2720,2565
2720,2689
2720,712
2720,2767
2720,2690
2720,2691
2720,2692
2720,2694
2720,2696
2720,2697
2720,2698
2720,2699
2720,909
2720,910
2720,2701
2720,2702
2720,3406
2720,2703
2720,926
2720,2708
2720,279
2720,2710
2720,84
2720,2716
2720,2287
2370,738
2370,2187
2370,2301
2370,1900
2370,1906
2370,2313
2370,329
2370,2344
2370,2208
2370,2560
2370,4850
3275,3270
3275,1877
3275,4847
3275,424
554,549
554,1689
554,2233
554,4780
554,4676
554,2814
554,4958
554,2848
554,4835
554,244
554,2551
554,750
554,3131
554,4866
554,683
554,1413
554,286
554,4598
554,2993
554,4938
554,2726
554,552
554,636
554,2994
554,2235
554,712
554,1592
554,4640
554,3135
554,9
554,11
554,3136
554,1647
554,4853
554,522
554,1083
554,4787
554,4788
554,3160
554,1293
554,642
554,3059
554,2149
554,488
554,4429
554,266
554,1357
554,2614
554,4661
554,4070
554,2971
554,979
554,287
554,2973
554,722
554,2034
554,2311
554,2690
554,4733
554,1567
554,1299
554,879
554,1300
554,2407
554,892
554,1663
554,3057
554,2630
554,2315
554,1303
554,1771
554,3140
554,1441
554,4822
554,1664
554,4839
554,3430
554,4981
554,1588
554,3983
554,1811
554,3768
554,4704
554,695
554,1309
554,1849
554,2099
554,1456
554,2862
554,2416
554,4926
554,1123
554,2936
554,1237
554,736
554,650
554,3143
554,1666
554,3261
554,1580
554,3144
554,2791
554,3145
554,762
554,280
554,1800
554,4501
554,2101
554,4876
554,1469
554,4061
554,2868
554,3544
554,3028
554,84
554,2102
554,1859
554,3787
554,1476
554,4805
554,289
554,1480
554,2533
554,3443
554,1733
554,2114
554,4468
554,2902
554,2236
554,2346
554,3548
554,1615
554,3341
554,1817
554,2714
554,3394
554,1617
554,2940
554,2616
554,2736
554,1495
554,3147
554,2266
554,26
554,4844
554,3551
554,1111
554,4286
554,2247
554,1335
554,1079
554,4340
554,1736
554,4846
554,1113
554,1996
554,4389
554,849
554,4441
554,1880
554,4887
554,1679
554,3149
554,4714
554,2292
554,2738
554,3049
554,1632
554,2617
554,85
554,4779
554,1342
554,3099
554,4890
554,2372
554,4066
554,3860
554,207
1784,1407
1784,2077
1784,1757
1784,1713
1784,1758
1784,1759
1784,1910
1784,1911
1784,1024
1784,2893
1784,2410
1784,1994
1784,3093
1784,1774
1784,1775
1784,799
1784,505
1784,801
1784,1948
1784,148
1784,3097
1784,4402
1784,1515
1784,1781
1784,1782
1784,2468
1784,4389
1784,2290
2371,738
2371,1193
2371,3651
2371,3948
2371,832
2371,1949
2371,4365
2371,3717
2371,614
2371,4283
2371,4395
4996,4649
4996,23
4996,4989
4996,4224
4996,2372
2879,2613
2879,639
2879,1844
2879,1438
2879,1160
2879,2863
2879,1161
2879,3118
2879,1166
2879,2877
3241,3234
3241,3237
3241,3239
3241,3240
353,303
353,4132
353,339
3736,3580
3736,4565
3736,1899
3736,1900
3736,3371
3736,1902
3736,3374
3736,2063
3736,2309
3736,3874
3736,1904
3736,3876
3736,785
3736,429
3736,3178
3736,113
3736,14
3736,119
3736,122
3736,3596
3736,126
3736,313
3736,432
3736,3605
3736,592
3736,3630
3736,190
3736,435
3736,3633
3736,3635
3736,3637
3736,2607
3736,3658
3736,3675
3736,3943
3736,3695
3736,3703
3736,154
3736,3704
3736,3705
3736,2362
3736,3724
3100,2988
3100,1411
3100,682
3100,2856
3100,4392
3100,2895
3100,3021
3100,3022
3100,3023
3100,1313
3100,4877
3100,2868
3100,2712
3100,2871
3100,3035
3100,1327
3100,3095
3100,2266
3100,3087
3100,2719
3100,85
3100,3102
1068,1063
1068,2849
1068,2851
1068,2861
1068,562
1068,1630
2051,2014
2051,2020
2051,2022
2051,1718
2051,2037
2051,2045
2051,2046
2051,2052
949,858
949,869
949,882
949,907
949,917
949,933
949,942
1746,1590
1746,3450
1746,1225
1746,2180
1746,3287
1746,786
1746,387
1746,605
1746,1740
1746,1741
1746,505
1746,1742
1746,146
1746,608
1746,407
1746,408
1746,410
1746,2267
1746,412
1746,413
1746,4402
548,88
548,2296
548,1967
548,1568
548,1241
548,600
548,601
548,602
548,605
548,622
548,439
548,440
548,1512
548,802
548,803
548,1513
548,610
548,4365
548,626
548,2471
548,806
548,420
548,4395
160,86
160,87
160,89
160,91
160,515
160,950
160,96
160,102
160,1989
160,105
160,521
160,618
160,720
160,108
160,429
160,109
160,110
160,1181
160,3178
160,111
160,113
160,114
160,115
160,14
160,430
160,2275
160,116
160,117
160,580
160,118
160,120
160,122
160,123
160,3377
160,583
160,584
160,125
160,126
160,4700
160,589
160,431
160,128
160,129
160,791
160,131
160,132
160,543
160,2327
160,190
160,434
160,435
160,820
160,596
160,137
160,599
160,822
160,1366
160,604
160,606
160,438
160,3815
160,452
160,146
160,147
160,148
160,149
160,608
160,441
160,547
160,1246
160,151
160,803
160,152
160,610
160,153
160,4365
160,2804
160,3703
160,154
160,4457
160,442
160,443
206,161
206,2981
206,1604
206,1461
206,1471
206,1612
206,4106
206,1543
206,1499
206,1502
206,4363
206,1522
206,1523
206,204
2820,2813
2820,2754
2820,2814
2820,2706
2820,2816
2820,2818
2820,2592
1633,1405
1633,4254
1633,1609
1633,1619
1633,1630
1527,510
1527,1404
1527,1405
1527,1408
1527,2108
1527,4602
1527,1188
1527,1189
1527,426
1527,863
1527,100
1527,522
1527,3158
1527,523
1527,2079
1527,575
1527,4347
1527,1835
1527,1836
1527,1594
1527,1837
1527,56
1527,1953
1527,388
1527,1306
1527,4351
1527,1846
1527,2930
1527,1533
1527,1444
1527,1194
1527,2183
1527,4432
1527,1137
1527,3620
1527,1450
1527,451
1527,1454
1527,2083
1527,398
1527,1854
1527,23
1527,1463
1527,2340
1527,4710
1527,1936
1527,841
1527,1729
1527,1860
1527,1476
1527,1078
1527,1613
1527,1863
1527,2714
1527,4712
1527,1491
1527,2103
1527,230
1527,1979
1527,1874
1527,4884
1527,1876
1527,1996
1527,1625
1527,4365
1527,1950
1527,4167
1527,471
1527,2217
1527,1745
1527,2491
1527,423
1527,4169
1527,1884
1527,1632
1527,1886
1527,425
1527,1551
1527,2372
1527,2492
1527,4545
1528,510
1528,1636
1528,2954
1528,4287
1528,4836
1528,4960
1528,4598
1528,2513
1528,2238
1528,1045
1528,2299
1528,5
1528,1586
1528,4640
1528,9
1528,2301
1528,1791
1528,3587
1528,1085
1528,1900
1528,358
1528,1902
1528,1904
1528,3375
1528,785
1528,56
1528,1908
1528,1912
1528,18
1528,584
1528,2319
1528,4140
1528,1212
1528,1193
1528,1914
1528,2412
1528,1916
1528,4374
1528,3895
1528,129
1528,4298
1528,2435
1528,3986
1528,3611
1528,3612
1528,3614
1528,3615
1528,3616
1528,594
1528,433
1528,1928
1528,2325
1528,3625
1528,451
1528,1309
1528,2331
1528,2332
1528,3639
1528,3645
1528,795
1528,23
1528,1933
1528,1312
1528,1463
1528,4539
1528,2487
1528,1466
1528,3663
1528,1814
1528,3666
1528,3094
1528,2059
1528,3673
1528,3945
1528,1700
1528,1943
1528,2103
1528,1978
1528,1944
1528,2396
1528,4162
1528,1946
1528,4340
1528,3698
1528,1996
1528,1512
1528,967
1528,2805
1528,3712
1528,3388
1528,849
1528,1143
1528,807
1528,2362
1528,471
1528,2217
1528,1745
1528,710
1528,3957
1528,3049
1528,3958
1528,3959
1528,423
1528,3730
1528,3960
1528,85
1528,472
1528,3737
1528,2372
1634,1405
1634,1468
1634,1610
1634,1613
1634,1618
1634,1494
3264,1591
3264,3245
3264,3251
3767,3760
3767,3762
3767,3766
3865,3861
3055,477
3055,2992
3055,2994
3055,867
3055,3423
3055,4489
3055,3025
3055,2868
3055,3036
4442,4422
4442,4437
4442,4439
4442,4441
4859,4648
4859,4483
4859,1093
4859,4860
425,373
425,510
425,1408
425,1420
425,2912
425,377
425,100
425,1434
425,2697
425,2927
425,4152
425,2672
425,534
425,500
425,389
425,2674
425,2675
425,1445
425,1451
425,1606
425,1029
425,1264
425,3753
425,1266
425,1489
425,1495
425,1622
425,1873
425,1506
425,4162
425,607
425,4165
425,1513
425,1514
425,409
425,508
425,1878
425,1033
425,1516
425,1518
425,1527
1551,1404
1551,1835
1551,1444
1551,1310
1551,1462
1551,1312
1551,1466
1551,1485
1551,1958
1551,1510
1551,1521
1551,85
1551,1527
1551,207
2220,1686
2220,2202
1807,1785
1807,4905
1807,1790
1807,1792
1807,1206
1807,4786
1807,4204
1807,1795
1807,295
1807,4792
1807,1796
1807,4347
1807,380
1807,1797
1807,4371
1807,3179
1807,4356
1807,1799
1807,3503
1807,3651
1807,3185
1807,1729
1807,4449
1807,4384
1807,399
1807,3445
1807,1233
1807,4161
1807,1267
1807,3519
1807,4366
1807,4283
1807,419
1807,1806
1807,1524
1807,2161
4480,4471
4480,1201
4480,1585
4480,4478
4480,2420
4480,24
4480,3358
4480,302
4480,2562
2540,2521
2540,864
2540,1122
2540,2528
2540,2530
2540,2531
2540,2532
2540,2533
2540,2536
2540,2538
2540,2539
4265,4235
4265,4246
4265,213
4265,2699
4265,3051
1529,510
1529,1404
1529,1405
1529,1080
1529,1416
1529,1431
1529,4220
1529,1532
1529,1437
1529,500
1529,1454
1529,1456
1529,1457
1529,1029
1529,1461
1529,1469
1529,1472
1529,1475
1529,1611
1529,1479
1529,1816
1529,1612
1529,1488
1529,1491
1529,1495
1529,1546
1529,622
1529,1502
1529,1872
1529,1504
1529,1622
1529,1506
1529,607
1529,1548
1529,4365
1529,1878
1529,1518
1529,1520
1529,1523
1529,1525
1529,1887
4443,4422
1828,1808
1828,2997
1828,2771
1828,2772
1828,879
1828,2407
1828,1663
1828,1811
1828,2895
1828,3021
1828,1458
1828,2865
1828,2868
1828,84
1828,2869
1828,1733
1828,2798
1828,4143
1828,2535
1828,2803
1828,4847
1828,2617
1828,1342
4715,2072
4715,3475
4715,1181
4715,3822
4715,3825
4715,1533
4715,3826
4715,3256
4715,2555
4715,2087
4715,1400
3737,3580
3737,3581
3737,482
3737,3583
3737,3584
3737,1900
3737,1910
3737,3590
3737,3593
3737,3599
3737,3600
3737,3609
3737,2281
3737,3617
3737,3620
3737,3626
3737,818
3737,3633
3737,3651
3737,3652
3737,3653
3737,3654
3737,3657
3737,3659
3737,3660
3737,3662
3737,3663
3737,3664
3737,3666
3737,3673
3737,1938
3737,3677
3737,3678
3737,3679
3737,3682
3737,3684
3737,3688
3737,3689
3737,3691
3737,3693
3737,3694
3737,3698
3737,1948
3737,3709
3737,3711
3737,3712
3737,3952
3737,3718
3737,2898
3737,2362
3737,3720
3737,3725
3737,3727
3737,3728
3737,3729
3737,3730
3737,3732
3737,3733
3737,3735
3737,1528
810,571
810,4909
810,786
810,588
810,589
810,451
810,595
810,596
810,796
810,4159
810,601
810,4713
810,801
810,506
810,1948
810,146
810,1625
810,149
810,608
810,802
810,609
810,152
810,1513
810,4401
810,507
810,407
810,410
810,412
810,2876
810,155
810,4402
810,1515
810,1782
810,4283
810,806
810,4458
810,2491
1575,1553
1575,4956
1575,1592
1575,484
1575,1558
1575,716
1575,2967
1575,490
1575,3372
1575,1562
1575,1158
1575,1563
1575,556
1575,1564
1575,4070
1575,2924
1575,1120
1575,3455
1575,494
1575,2009
1575,1384
1575,4454
1575,388
1575,500
1575,1571
1575,1090
1575,4743
1575,2332
1575,2045
1575,1732
3101,2988
3101,1156
3101,2998
3101,2180
3101,1598
3101,3081
3101,3021
3101,3023
3101,1728
3101,2865
3101,2896
3101,2873
3101,3043
3101,3044
3101,3087
3101,2880
354,303
354,3972
354,3978
354,311
354,4292
354,1193
354,312
354,2606
354,319
354,321
354,323
354,333
354,4003
354,339
354,4004
354,352
2372,738
2372,1410
2372,4133
2372,242
2372,4836
2372,4960
2372,2187
2372,2299
2372,2075
2372,4640
2372,639
2372,9
2372,1019
2372,103
2372,3820
2372,1293
2372,642
2372,4939
2372,1836
2372,1594
2372,36
2372,1902
2372,2973
2372,2312
2372,56
2372,2315
2372,310
2372,2316
2372,1912
2372,4140
2372,4292
2372,2321
2372,1193
2372,536
2372,1915
2372,3378
2372,2323
2372,3607
2372,3904
2372,3615
2372,1003
2372,3914
2372,3620
2372,359
2372,1535
2372,451
2372,2098
2372,2331
2372,2332
2372,2099
2372,2336
2372,3644
2372,1458
2372,1854
2372,761
2372,1463
2372,2555
2372,1580
2372,1313
2372,4874
2372,1466
2372,2340
2372,797
2372,3936
2372,841
2372,1729
2372,1476
2372,2342
2372,1103
2372,1078
2372,1614
2372,4625
2372,2346
2372,1615
2372,1939
2372,197
2372,824
2372,2208
2372,3945
2372,2714
2372,3837
2372,2616
2372,2211
2372,2560
2372,2103
2372,1656
2372,230
2372,1979
2372,939
2372,1944
2372,47
2372,2396
2372,4883
2372,1337
2372,4340
2372,3314
2372,1738
2372,1739
2372,1996
2372,3097
2372,3708
2372,2898
2372,849
2372,350
2372,1143
2372,2217
2372,1745
2372,2364
2372,2219
2372,3725
2372,423
2372,1632
2372,3962
2372,1886
2372,554
2372,4996
2372,1527
2372,1528
2372,2492
2372,371
2372,1552
2372,4545
2563,2397
2563,1535
2563,299
834,812
834,819
834,820
834,822
834,823
834,3674
834,825
834,3679
834,4955
834,830
834,831
2472,1013
2472,4133
2472,4829
2472,4504
2472,4495
2472,1175
2472,4370
2472,2077
2472,1592
2472,484
2472,178
2472,1713
2472,1019
2472,1020
2472,489
2472,1022
2472,2110
2472,1024
2472,1721
2472,2893
2472,588
2472,589
2472,1183
2472,451
2472,436
2472,398
2472,1030
2472,602
2472,2425
2472,2465
2472,4191
2472,801
2472,803
2472,2468
2472,1627
2472,1032
2472,1033
2472,2470
2472,4389
2472,1034
2472,2471
2472,806
2472,158
2472,442
2492,2485
2492,4679
2492,1585
2492,2078
2492,1228
2492,523
2492,1021
2492,4788
2492,3820
2492,1900
2492,1836
2492,388
2492,451
2492,2083
2492,398
2492,23
2492,1463
2492,2555
2492,1466
2492,2340
2492,3753
2492,1476
2492,1732
2492,1615
2492,2714
2492,1492
2492,1979
2492,1874
2492,4884
2492,1337
2492,1996
2492,471
2492,4714
2492,2491
2492,423
2492,1632
2492,1527
2492,2372
2492,4481
3348,3333
3348,3334
3348,3338
3348,3339
3348,2791
3348,3341
3348,3343
3348,3345
3348,369
3348,3346
3348,3347
2373,738
2373,1939
2373,2360
2373,3730
1345,1284
1345,552
1345,1273
1345,1311
1345,2102
1345,1609
1345,1321
1345,1324
1530,510
1530,1404
1530,1406
1530,1444
1530,451
1530,1456
1530,1854
1530,1469
1530,1476
1530,1614
1530,2714
1530,1491
1530,1337
1530,1996
1530,1548
1530,1517
1530,2217
1530,423
1530,85
1530,207
2598,2594
2598,299
4233,240
4233,539
4233,2678
1116,749
1116,1084
1116,1085
1116,1086
1116,1088
1116,4854
1116,1094
1116,3502
1116,1096
1116,1097
1116,4857
1116,1102
1116,1105
1116,1108
1116,1109
1116,1113
1887,1408
1887,2627
1887,3409
1887,1872
1887,1529
567,60
567,1809
567,762
567,1814
567,1393
567,1700
567,768
567,2396
567,1821
567,1822
567,569
473,453
1168,1146
1168,1408
1168,3115
1168,1156
1168,639
1168,1844
1168,320
1168,1160
1168,1856
1168,1161
1168,3117
1168,3118
1168,3119
1168,1165
1168,1866
1168,1166
1168,1167
1168,2005
1168,1882
1168,1883
1168,2006
4771,4646
4771,4732
4771,4741
4771,4758
4771,1368
474,453
474,1754
474,1300
474,80
474,1767
474,1768
474,23
474,2170
474,706
474,468
474,469
474,1739
474,472
4066,4060
4066,1800
4066,4061
4066,4062
4066,4064
4066,554
2378,2374
4481,4471
4481,1431
4481,2525
4481,3169
4481,4284
4481,2555
4481,1466
4481,3547
4481,1874
4481,4884
4481,423
4481,1886
4481,2492
835,812
835,37
835,2230
835,1886
1683,1659
1683,1660
1683,1661
1683,4447
1683,1664
1683,2702
1683,1811
1683,3436
1683,1666
1683,1463
1683,1668
1683,3544
1683,1669
1683,1670
1683,1671
1683,4224
1683,1674
1683,3554
1683,1677
1683,1678
1683,1679
1683,1680
1683,1682
1683,1684
371,356
371,4679
371,1286
371,4974
371,40
371,1847
371,359
371,451
371,360
371,23
371,362
371,3144
371,3025
371,1466
371,2450
371,1729
371,1863
371,1053
371,2714
371,1331
371,2103
371,1978
371,2396
371,1874
371,4340
371,1509
371,1739
371,1996
371,368
371,2087
371,807
371,471
371,2217
371,1521
371,85
371,2372
371,4545
3102,2988
3102,3567
3102,2868
3102,3100
2091,1409
2091,4139
2091,4356
2091,2625
2091,1630
4772,4646
4772,4677
4772,4679
4772,2147
4772,4736
4772,4739
4772,1445
4772,4745
4772,4751
4772,4765
4772,4767
4772,4774
4234,240
4234,1148
4234,1153
4234,1042
4234,3781
4234,1159
4234,1353
4234,745
4234,1164
4234,1049
1198,1132
1198,163
1198,844
1198,845
1552,1404
1552,478
1552,4884
1552,1996
1552,471
1552,1520
1552,1521
1552,2372
4368,4342
4368,1854
3963,3842
3963,3870
3963,3878
3963,3595
3963,3599
3963,2784
3963,3899
3963,1217
3963,3986
3963,3910
3963,3912
3963,133
3963,433
3963,3914
3963,3915
3963,3629
3963,3991
3963,435
3963,3927
3963,3636
3963,2607
3963,2786
3963,1935
3963,2872
3963,3685
3963,4316
3963,3949
3963,1980
3963,1547
3963,3956
568,60
568,640
568,1956
3965,3964
3965,4287
3965,245
3965,1225
3965,1175
3965,1043
3965,2076
3965,3585
3965,2258
3965,2924
3965,4733
3965,4696
3965,3918
4452,4444
3353,3350
569,60
569,1289
569,561
569,1809
569,762
569,766
569,567
2580,2398
2580,3761
3317,3296
3317,1422
3317,3297
3317,781
3317,1555
3317,3298
3317,3299
3317,3300
3317,3301
3317,3302
3317,3303
3317,3305
3317,3306
3317,3307
3317,3308
3317,3311
3317,3313
3317,3314
3317,2172
4545,2990
4545,4836
4545,2075
4545,1176
4545,3136
4545,3290
4545,869
4545,1761
4545,4535
4545,2706
4545,451
4545,2083
4545,362
4545,1464
4545,3261
4545,1466
4545,1729
4545,4841
4545,3753
4545,1139
4545,4542
4545,1476
4545,3764
4545,4114
4545,3836
4545,1614
4545,1141
4545,1053
4545,1327
4545,824
4545,2714
4545,3112
4545,4610
4545,2103
4545,1495
4545,1978
4545,230
4545,1979
4545,829
4545,1874
4545,469
4545,4884
4545,1337
4545,1877
4545,2432
4545,3096
4545,849
4545,2217
4545,369
4545,2738
4545,423
4545,1632
4545,2847
4545,1886
4545,1527
4545,2372
4545,371
4545,3860
49,38
355,303
355,1440
355,343
4860,4648
4860,1133
4860,1093
4860,4859
3349,3333
3349,3334
3349,3336
3349,3339
3349,2791
3349,3343
3349,3345
3349,3346
3833,1639
3833,4520
3833,3370
3833,3831
4341,4325
4716,2072
615,89
615,3588
615,429
615,109
615,111
615,113
615,114
615,126
615,4374
615,816
615,132
615,592
615,593
615,594
615,133
615,433
615,818
615,3690
615,151
615,612
615,155
2464,1234
2464,2442
2464,4785
2464,4172
2464,2414
2464,2459
2464,2463
4861,4648
4861,1093
4861,1603
1069,1063
1069,1065
1069,3441
1069,1392
1069,1067
3114,1689
3114,2141
4396,4393
4396,1338
2221,1686
2221,2203
2221,2204
2221,2215
4773,4646
4773,4725
4773,4761
4773,4093
4773,4768
4774,4646
4774,4677
4774,2147
4774,4734
4774,4736
4774,4737
4774,4739
4774,4740
4774,4744
4774,4747
4774,4753
4774,4772
1684,1659
1684,1660
1684,1661
1684,1669
1684,1670
1684,1674
1684,1679
1684,1680
1684,1683
372,356
854,850
854,970
854,3861
854,851
854,977
854,3862
854,736
854,986
3860,455
3860,9
3860,4429
3860,18
3860,451
3860,2099
3860,23
3860,1463
3860,4340
3860,423
3860,554
3860,4545
3860,207
2880,2613
2880,2998
2880,3002
2880,3005
2880,2854
2880,3014
2880,1302
2880,2857
2880,2859
2880,3018
2880,2861
2880,1727
2880,3021
2880,3022
2880,2862
2880,2732
2880,3023
2880,2865
2880,2867
2880,2868
2880,1317
2880,2870
2880,3109
2880,3030
2880,2871
2880,3083
2880,2798
2880,2388
2880,2874
2880,3043
2880,3313
2880,3044
2880,1340
2880,3087
2880,2617
2880,3101
207,161
207,1404
207,1234
207,74
207,237
207,477
207,4060
207,4287
207,242
207,4958
207,2551
207,750
207,4905
207,3131
207,4836
207,682
207,1413
207,94
207,4963
207,2477
207,2811
207,2522
207,254
207,2188
207,1421
207,2235
207,712
207,2138
207,640
207,9
207,178
207,99
207,3136
207,1281
207,4787
207,4788
207,4908
207,450
207,3160
207,642
207,3587
207,1085
207,3365
207,2306
207,358
207,2764
207,2149
207,1208
207,4818
207,4429
207,3008
207,2063
207,2260
207,3168
207,2690
207,3536
207,1300
207,1663
207,1181
207,310
207,1136
207,1912
207,1973
207,1440
207,2412
207,3892
207,2322
207,4981
207,1445
207,1137
207,4982
207,1219
207,3989
207,359
207,451
207,2331
207,2746
207,299
207,1602
207,2336
207,360
207,3576
207,3739
207,736
207,3930
207,1097
207,23
207,1461
207,3143
207,1312
207,4308
207,362
207,1463
207,2555
207,1099
207,2791
207,4989
207,1466
207,280
207,1244
207,4061
207,2450
207,1729
207,3441
207,3753
207,3787
207,1319
207,2576
207,2170
207,1481
207,1103
207,703
207,2872
207,1732
207,4950
207,142
207,364
207,2346
207,2208
207,2714
207,1700
207,2210
207,2211
207,2560
207,1493
207,1107
207,2736
207,1109
207,3147
207,1619
207,2845
207,1656
207,4286
207,1945
207,1874
207,469
207,1112
207,4884
207,1337
207,1079
207,3839
207,1996
207,2805
207,1143
207,807
207,2362
207,471
207,4714
207,2717
207,1521
207,2738
207,423
207,4169
207,1524
207,1632
207,2561
207,3347
207,85
207,3150
207,472
207,554
207,1551
207,1530
207,3860
2052,2014
2052,2032
2052,2037
2052,2045
2052,2051
811,571
811,90
811,1786
811,775
811,1984
811,101
811,521
811,56
811,578
811,786
811,2572
811,2276
811,119
811,123
811,792
811,3093
811,1027
811,4705
811,3383
811,544
811,602
811,2357
811,158
2721,74
2721,2995
2721,4267
2721,2978
2721,2703
2721,2858
2721,216
2721,2574
2721,3437
2721,2708
2721,1319
2721,3294
2721,1819
2721,2716
2721,2539
3556,3526
3556,3527
3556,3528
3556,2690
3556,3536
3556,3537
3556,3539
3556,3431
3556,3542
3556,3543
3556,3544
3556,3546
3556,3552
3556,3553
3556,3554
4324,4287
4324,4291
4324,4293
4324,4296
4324,4304
4324,2607
4324,4308
4324,4309
4324,4311
4324,4313
4324,4338
4324,4321
4324,4322
1258,1248
1258,1250
1258,1253
1258,1256
